2010-07-21,00:02:00,69.6,69.1,29.84,WNW,292,0.9,2.5,98,0.87,,,0.00,meteohub,
2010-07-21,00:05:00,69.4,68.9,29.84,WNW,292,0.9,0.9,98,0.87,,,0.00,meteohub,
2010-07-21,00:06:00,69.4,68.9,29.84,WNW,292,0.0,0.0,98,0.87,,,0.00,meteohub,
2010-07-21,00:11:00,69.4,68.9,29.81,WNW,292,1.1,1.1,98,0.28,,,0.04,meteohub,
2010-07-21,00:16:00,69.4,68.9,29.81,West,270,0.0,0.9,98,0.28,,,0.04,meteohub,
2010-07-21,00:21:00,69.4,68.9,29.81,WNW,292,0.0,0.0,98,0.28,,,0.04,meteohub,
2010-07-21,00:27:00,69.4,68.9,29.81,WNW,292,0.0,0.0,98,0.28,,,0.04,meteohub,
2010-07-21,00:32:00,69.4,68.9,29.81,NNE,22,0.0,0.0,98,0.28,,,0.04,meteohub,
2010-07-21,00:37:00,69.4,68.9,29.81,North,0,0.0,0.0,98,0.28,,,0.04,meteohub,
2010-07-21,00:42:00,69.4,68.9,29.81,NW,315,0.0,0.0,98,0.28,,,0.04,meteohub,
2010-07-21,00:47:00,69.4,68.9,29.81,WSW,248,0.0,0.0,98,0.28,,,0.04,meteohub,
2010-07-21,00:53:00,69.6,69.1,29.81,WSW,248,0.0,0.0,98,0.28,,,0.04,meteohub,
2010-07-21,00:58:00,69.6,69.1,29.78,South,180,0.0,0.0,98,0.28,,,0.04,meteohub,
2010-07-21,01:03:00,69.8,69.3,29.78,ESE,112,0.0,0.0,98,0.28,,,0.04,meteohub,
2010-07-21,01:08:00,69.8,69.3,29.78,East,90,0.0,0.0,98,0.28,,,0.04,meteohub,
2010-07-21,01:14:00,69.8,69.3,29.81,NNE,22,0.9,0.0,98,0.28,,,0.04,meteohub,
2010-07-21,01:19:00,69.8,69.3,29.81,ENE,68,0.0,0.0,98,0.28,,,0.04,meteohub,
2010-07-21,01:24:00,69.8,69.3,29.81,WNW,292,0.0,0.0,98,0.28,,,0.04,meteohub,
2010-07-21,01:29:00,69.8,69.3,29.81,NW,315,0.0,0.0,98,0.28,,,0.04,meteohub,
2010-07-21,01:34:00,69.8,69.3,29.81,NW,315,1.6,3.6,98,0.28,,,0.04,meteohub,
2010-07-21,01:40:00,70.0,69.4,29.81,East,90,2.5,3.8,98,0.04,,,0.04,meteohub,
2010-07-21,01:45:00,70.0,69.4,29.81,ENE,68,0.9,1.1,98,0.04,,,0.08,meteohub,
2010-07-21,01:50:00,70.0,69.4,29.81,NW,315,1.6,1.6,98,0.04,,,0.08,meteohub,
2010-07-21,01:55:00,70.0,69.4,29.81,East,90,0.9,0.9,98,0.04,,,0.12,meteohub,
2010-07-21,02:00:00,70.0,69.4,29.81,WNW,292,0.9,1.1,98,0.04,,,0.12,meteohub,
2010-07-21,02:06:00,70.0,69.4,29.81,West,270,1.1,1.1,98,0.04,,,0.12,meteohub,
2010-07-21,02:11:00,70.0,69.4,29.84,ENE,68,0.9,1.6,98,0.04,,,0.12,meteohub,
2010-07-21,02:16:00,70.0,69.4,29.84,WNW,292,0.0,0.0,98,0.04,,,0.12,meteohub,
2010-07-21,02:21:00,70.0,69.4,29.84,WNW,292,2.2,2.2,98,0.04,,,0.12,meteohub,
2010-07-21,02:26:00,70.0,69.4,29.81,ENE,68,1.6,2.0,98,0.04,,,0.12,meteohub,
2010-07-21,02:32:00,69.8,69.3,29.81,NE,45,1.6,2.2,98,0.04,,,0.12,meteohub,
2010-07-21,02:37:00,69.8,69.3,29.81,WNW,292,0.0,0.0,98,0.04,,,0.12,meteohub,
2010-07-21,02:42:00,69.8,69.3,29.75,East,90,0.0,0.0,98,0.04,,,0.12,meteohub,
2010-07-21,02:47:00,69.6,69.1,29.75,SSE,158,0.0,0.0,98,0.04,,,0.12,meteohub,
2010-07-21,02:53:00,69.6,69.1,29.75,South,180,0.0,0.0,98,0.04,,,0.12,meteohub,
2010-07-21,02:58:00,69.6,69.1,29.78,NE,45,1.1,1.3,98,0.04,,,0.12,meteohub,
2010-07-21,03:03:00,69.6,69.1,29.78,WNW,292,1.1,1.1,98,0.04,,,0.12,meteohub,
2010-07-21,03:08:00,69.6,69.1,29.78,WNW,292,1.1,1.1,98,0.04,,,0.12,meteohub,
2010-07-21,03:13:00,69.6,69.1,29.78,ESE,112,1.1,1.3,98,0.04,,,0.12,meteohub,
2010-07-21,03:19:00,69.4,68.9,29.78,NW,315,1.3,0.0,98,0.04,,,0.12,meteohub,
2010-07-21,03:24:00,69.4,68.9,29.78,NW,315,1.1,0.0,98,0.04,,,0.12,meteohub,
2010-07-21,03:29:00,69.4,68.9,29.78,NW,315,0.0,1.3,98,0.04,,,0.12,meteohub,
2010-07-21,03:34:00,69.4,68.9,29.78,WNW,292,0.0,0.0,98,0.04,,,0.12,meteohub,
2010-07-21,03:39:00,69.3,68.7,29.78,WNW,292,0.0,0.0,98,0.04,,,0.12,meteohub,
2010-07-21,03:45:00,69.3,68.7,29.78,WNW,292,0.9,1.1,98,0.04,,,0.12,meteohub,
2010-07-21,03:50:00,69.3,68.7,29.78,WNW,292,0.0,0.0,98,0.04,,,0.12,meteohub,
2010-07-21,03:55:00,69.1,68.5,29.78,WNW,292,0.0,0.0,98,0.04,,,0.12,meteohub,
2010-07-21,04:00:00,69.1,68.5,29.78,WNW,292,0.0,0.0,98,0.04,,,0.12,meteohub,
2010-07-21,04:05:00,68.9,68.4,29.78,WNW,292,0.0,0.0,98,0.00,,,0.12,meteohub,
2010-07-21,04:11:00,68.9,68.4,29.78,WNW,292,0.0,0.0,98,0.00,,,0.12,meteohub,
2010-07-21,04:16:00,68.9,68.4,29.78,WNW,292,0.0,0.9,98,0.00,,,0.12,meteohub,
2010-07-21,04:21:00,68.9,68.4,29.78,WNW,292,0.0,0.0,98,0.00,,,0.12,meteohub,
2010-07-21,04:26:00,68.9,68.4,29.78,WNW,292,0.0,0.0,98,0.00,,,0.12,meteohub,
2010-07-21,04:32:00,68.9,68.4,29.78,WNW,292,0.0,0.0,98,0.00,,,0.12,meteohub,
2010-07-21,04:37:00,68.9,68.4,29.78,WNW,292,0.0,0.0,98,0.00,,,0.12,meteohub,
2010-07-21,04:42:00,68.9,68.4,29.78,WNW,292,0.0,0.0,98,0.00,,,0.12,meteohub,
2010-07-21,04:47:00,68.9,68.4,29.78,WNW,292,0.0,0.0,98,0.00,,,0.12,meteohub,
2010-07-21,04:52:00,68.9,68.4,29.78,WNW,292,0.0,0.0,98,0.00,,,0.12,meteohub,
2010-07-21,04:58:00,68.9,68.4,29.81,WNW,292,0.0,0.0,98,0.00,,,0.12,meteohub,
2010-07-21,05:03:00,69.1,68.5,29.81,WNW,292,0.0,0.0,98,0.00,,,0.12,meteohub,
2010-07-21,05:08:00,69.1,68.5,29.81,WNW,292,0.0,0.0,98,0.00,,,0.12,meteohub,
2010-07-21,05:13:00,69.1,68.5,29.81,WNW,292,0.0,0.0,98,0.00,,,0.12,meteohub,
2010-07-21,05:18:00,69.1,68.5,29.81,WNW,292,0.0,0.0,98,0.00,,,0.12,meteohub,
2010-07-21,05:24:00,69.1,68.5,29.81,WNW,292,0.0,0.0,98,0.00,,,0.12,meteohub,
2010-07-21,05:29:00,69.1,68.5,29.81,WNW,292,0.0,0.0,98,0.00,,,0.12,meteohub,
2010-07-21,05:34:00,69.1,68.5,29.81,WNW,292,0.0,0.0,98,0.00,,,0.12,meteohub,
2010-07-21,05:39:00,69.1,68.5,29.81,WNW,292,0.0,0.0,98,0.00,,,0.12,meteohub,
2010-07-21,05:45:00,69.1,68.5,29.81,WNW,292,0.0,0.0,98,0.00,,,0.12,meteohub,
2010-07-21,05:50:00,69.1,68.5,29.81,WNW,292,0.0,0.0,98,0.00,,,0.12,meteohub,
2010-07-21,05:55:00,68.9,68.4,29.81,WNW,292,0.0,0.0,98,0.00,,,0.12,meteohub,
2010-07-21,06:00:00,68.9,68.4,29.81,WNW,292,0.0,0.0,98,0.00,,,0.12,meteohub,
2010-07-21,06:05:00,68.9,68.4,29.81,WNW,292,0.0,0.0,98,0.00,,,0.12,meteohub,
2010-07-21,06:11:00,68.9,68.4,29.81,WNW,292,0.0,0.0,98,0.00,,,0.12,meteohub,
2010-07-21,06:16:00,68.7,68.2,29.81,WNW,292,0.0,0.0,98,0.00,,,0.12,meteohub,
2010-07-21,06:21:00,68.9,68.4,29.81,WNW,292,0.0,0.0,98,0.00,,,0.12,meteohub,
2010-07-21,06:26:00,68.9,68.4,29.81,WNW,292,0.0,0.0,98,0.00,,,0.12,meteohub,
2010-07-21,06:31:00,68.9,68.4,29.81,WNW,292,0.0,0.0,98,0.00,,,0.12,meteohub,
2010-07-21,06:37:00,69.1,68.5,29.81,WNW,292,0.0,0.0,98,0.00,,,0.12,meteohub,
2010-07-21,06:42:00,69.4,68.9,29.81,WNW,292,0.0,0.0,98,0.00,,,0.12,meteohub,
2010-07-21,06:47:00,69.6,69.1,29.81,WNW,292,0.0,0.0,98,0.00,,,0.12,meteohub,
2010-07-21,06:52:00,69.8,69.3,29.81,WNW,292,0.0,0.0,98,0.00,,,0.12,meteohub,
2010-07-21,06:58:00,70.7,70.2,29.81,WNW,292,0.0,0.0,98,0.00,,,0.12,meteohub,
2010-07-21,07:03:00,71.4,70.9,29.81,WNW,292,0.0,0.0,98,0.00,,,0.12,meteohub,
2010-07-21,07:08:00,71.6,71.1,29.81,WNW,292,0.0,0.0,98,0.00,,,0.12,meteohub,
2010-07-21,07:13:00,72.0,71.4,29.81,NNW,338,0.0,0.0,98,0.00,,,0.12,meteohub,
2010-07-21,07:18:00,72.0,71.4,29.81,NW,315,0.9,0.0,98,0.00,,,0.12,meteohub,
2010-07-21,07:24:00,72.3,71.8,29.81,NW,315,0.0,0.0,98,0.00,,,0.12,meteohub,
2010-07-21,07:29:00,72.7,72.1,29.81,WNW,292,0.0,0.0,98,0.00,,,0.12,meteohub,
2010-07-21,07:34:00,73.0,72.5,29.81,WNW,292,0.0,0.0,98,0.00,,,0.12,meteohub,
2010-07-21,07:39:00,73.0,72.5,29.81,WNW,292,0.0,0.0,98,0.00,,,0.12,meteohub,
2010-07-21,07:44:00,74.8,74.3,29.81,WNW,292,0.0,0.0,98,0.00,,,0.12,meteohub,
2010-07-21,07:50:00,76.5,75.6,29.81,WNW,292,1.3,1.6,97,0.00,,,0.12,meteohub,
2010-07-21,07:55:00,77.5,76.6,29.81,West,270,0.0,0.0,97,0.00,,,0.12,meteohub,
2010-07-21,08:00:00,78.8,77.2,29.81,NW,315,0.0,1.1,95,0.00,,,0.12,meteohub,
2010-07-21,08:05:00,79.3,77.2,29.81,WNW,292,0.9,0.0,93,0.00,,,0.12,meteohub,
2010-07-21,08:11:00,80.2,77.4,29.81,WSW,248,0.9,0.9,91,0.00,,,0.12,meteohub,
2010-07-21,08:16:00,80.8,77.2,29.81,West,270,1.3,0.0,89,0.00,,,0.12,meteohub,
2010-07-21,08:21:00,81.3,77.4,29.81,WNW,292,1.3,2.5,88,0.00,,,0.12,meteohub,
2010-07-21,08:26:00,82.0,77.0,29.81,NW,315,0.0,0.0,85,0.00,,,0.12,meteohub,
2010-07-21,08:31:00,82.6,77.5,29.81,WNW,292,0.9,2.5,85,0.00,,,0.12,meteohub,
2010-07-21,08:37:00,82.6,77.2,29.81,SW,225,0.9,0.0,84,0.00,,,0.12,meteohub,
2010-07-21,08:42:00,83.7,77.2,29.84,West,270,0.0,0.0,81,0.00,,,0.12,meteohub,
2010-07-21,08:47:00,83.7,76.8,29.84,SSW,202,0.0,0.0,80,0.00,,,0.12,meteohub,
2010-07-21,08:52:00,84.6,78.8,29.84,SSW,202,0.0,0.0,83,0.00,,,0.12,meteohub,
2010-07-21,08:57:00,85.3,77.5,29.81,SSW,202,0.9,1.1,78,0.00,,,0.12,meteohub,
2010-07-21,09:03:00,85.1,77.0,29.81,NNW,338,1.6,1.6,77,0.00,,,0.12,meteohub,
2010-07-21,09:08:00,84.0,75.6,29.81,NW,315,2.0,2.5,76,0.00,,,0.12,meteohub,
2010-07-21,09:13:00,82.8,73.9,29.81,WNW,292,1.1,0.0,75,0.00,,,0.12,meteohub,
2010-07-21,09:18:00,84.9,76.1,29.81,WNW,292,1.1,0.0,75,0.00,,,0.12,meteohub,
2010-07-21,09:24:00,86.5,78.1,29.81,West,270,0.0,0.0,76,0.00,,,0.12,meteohub,
2010-07-21,09:29:00,86.7,74.8,29.81,NE,45,1.3,1.6,68,0.00,,,0.12,meteohub,
2010-07-21,09:34:00,85.1,73.8,29.81,East,90,0.0,0.9,69,0.00,,,0.12,meteohub,
2010-07-21,09:39:00,82.9,72.1,29.81,NNW,338,2.0,0.0,70,0.00,,,0.12,meteohub,
2010-07-21,09:44:00,81.9,72.3,29.81,NW,315,0.0,1.1,73,0.00,,,0.12,meteohub,
2010-07-21,09:50:00,81.3,72.3,29.81,NNE,22,1.1,1.6,74,0.00,,,0.12,meteohub,
2010-07-21,09:55:00,80.6,72.0,29.81,NNW,338,0.0,0.0,75,0.00,,,0.12,meteohub,
2010-07-21,10:00:00,79.5,70.5,29.81,NE,45,0.0,0.0,74,0.00,,,0.12,meteohub,
2010-07-21,10:05:00,79.5,71.6,29.81,NW,315,0.9,1.3,77,0.00,,,0.12,meteohub,
2010-07-21,10:10:00,79.5,71.6,29.81,NW,315,0.0,0.0,77,0.00,,,0.12,meteohub,
2010-07-21,10:16:00,78.8,71.1,29.81,East,90,0.0,0.0,77,0.00,,,0.12,meteohub,
2010-07-21,10:21:00,80.8,72.9,29.81,ENE,68,0.0,0.0,77,0.00,,,0.12,meteohub,
2010-07-21,10:26:00,82.4,72.5,29.81,WNW,292,0.0,0.0,72,0.00,,,0.12,meteohub,
2010-07-21,10:31:00,82.4,72.5,29.81,ENE,68,0.0,0.0,72,0.00,,,0.12,meteohub,
2010-07-21,10:36:00,84.7,73.0,29.81,NE,45,0.0,2.2,68,0.00,,,0.12,meteohub,
2010-07-21,10:42:00,84.6,73.8,29.81,WNW,292,0.0,0.9,70,0.00,,,0.12,meteohub,
2010-07-21,10:47:00,82.8,71.1,29.81,NNE,22,0.0,0.0,68,0.00,,,0.12,meteohub,
2010-07-21,10:52:00,81.7,70.2,29.81,NNW,338,0.0,0.9,68,0.00,,,0.12,meteohub,
2010-07-21,10:57:00,80.8,69.6,29.81,ESE,112,0.0,1.1,69,0.00,,,0.12,meteohub,
2010-07-21,11:03:00,84.0,73.9,29.81,SSE,158,0.0,0.0,72,0.00,,,0.12,meteohub,
2010-07-21,11:08:00,83.1,71.4,29.81,NW,315,0.0,1.1,68,0.00,,,0.12,meteohub,
2010-07-21,11:13:00,82.0,70.3,29.84,ENE,68,1.1,1.1,68,0.00,,,0.12,meteohub,
2010-07-21,11:18:00,82.6,70.9,29.84,ESE,112,0.0,0.0,68,0.00,,,0.12,meteohub,
2010-07-21,11:23:00,84.0,73.2,29.84,SW,225,0.0,2.5,70,0.00,,,0.12,meteohub,
2010-07-21,11:29:00,84.0,72.3,29.81,East,90,0.0,0.0,68,0.00,,,0.12,meteohub,
2010-07-21,11:34:00,83.7,72.0,29.81,NNW,338,0.9,1.1,68,0.00,,,0.12,meteohub,
2010-07-21,11:39:00,85.8,73.6,29.81,WSW,248,0.0,1.6,67,0.00,,,0.12,meteohub,
2010-07-21,11:44:00,88.5,74.8,29.81,NNW,338,1.1,1.3,64,0.00,,,0.12,meteohub,
2010-07-21,11:49:00,89.4,73.8,29.81,NNW,338,2.0,2.0,60,0.00,,,0.12,meteohub,
2010-07-21,11:55:00,88.0,71.4,29.81,SSE,158,0.9,0.0,58,0.00,,,0.12,meteohub,
2010-07-21,12:00:00,86.7,71.6,29.81,NW,315,0.9,2.2,61,0.00,,,0.12,meteohub,
2010-07-21,12:05:00,84.0,70.0,29.81,NNW,338,0.0,0.0,63,0.00,,,0.12,meteohub,
2010-07-21,12:10:00,84.0,70.0,29.81,North,0,0.9,0.9,63,0.00,,,0.12,meteohub,
2010-07-21,12:15:00,83.3,69.8,29.81,SSE,158,0.0,1.1,64,0.00,,,0.12,meteohub,
2010-07-21,12:21:00,85.3,72.7,29.81,WSW,248,0.0,0.0,66,0.00,,,0.12,meteohub,
2010-07-21,12:26:00,88.7,74.5,29.81,NW,315,1.6,1.6,63,0.00,,,0.12,meteohub,
2010-07-21,12:31:00,89.8,70.9,29.81,SSE,158,1.6,1.6,54,0.00,,,0.12,meteohub,
2010-07-21,12:36:00,89.2,72.0,29.81,NW,315,1.1,0.0,57,0.00,,,0.12,meteohub,
2010-07-21,12:42:00,89.8,73.0,29.81,West,270,0.9,1.6,58,0.00,,,0.12,meteohub,
2010-07-21,12:47:00,92.3,73.8,29.81,ESE,112,0.0,0.0,55,0.00,,,0.12,meteohub,
2010-07-21,12:52:00,94.1,75.9,29.81,NW,315,1.6,2.5,56,0.00,,,0.12,meteohub,
2010-07-21,12:57:00,91.8,69.8,29.81,NNE,22,1.6,1.6,49,0.00,,,0.12,meteohub,
2010-07-21,13:02:00,88.5,69.3,29.81,NNE,22,0.0,0.0,53,0.00,,,0.12,meteohub,
2010-07-21,13:08:00,91.4,72.3,29.81,NE,45,1.1,1.3,54,0.00,,,0.12,meteohub,
2010-07-21,13:13:00,92.1,72.0,29.78,ENE,68,1.3,1.3,52,0.00,,,0.12,meteohub,
2010-07-21,13:18:00,91.2,70.5,29.78,NNW,338,2.9,2.9,51,0.00,,,0.12,meteohub,
2010-07-21,13:23:00,92.8,72.7,29.78,WSW,248,1.1,0.0,52,0.00,,,0.12,meteohub,
2010-07-21,13:29:00,90.9,70.7,29.81,NNE,22,0.0,0.0,52,0.00,,,0.12,meteohub,
2010-07-21,13:34:00,88.2,67.1,29.81,SE,135,0.0,0.0,50,0.00,,,0.12,meteohub,
2010-07-21,13:39:00,86.7,69.6,29.81,SSE,158,0.0,0.0,57,0.00,,,0.12,meteohub,
2010-07-21,13:44:00,85.5,68.9,29.78,ESE,112,1.3,2.0,58,0.00,,,0.12,meteohub,
2010-07-21,13:49:00,85.8,68.9,29.78,ESE,112,1.1,2.0,57,0.00,,,0.12,meteohub,
2010-07-21,13:55:00,84.6,70.2,29.78,NNE,22,0.0,0.0,62,0.00,,,0.12,meteohub,
2010-07-21,14:00:00,83.8,70.3,29.81,NE,45,0.0,1.3,64,0.00,,,0.12,meteohub,
2010-07-21,14:05:00,82.6,69.6,29.81,ESE,112,2.7,2.7,65,0.00,,,0.12,meteohub,
2010-07-21,14:10:00,81.0,69.4,29.81,SSE,158,2.2,3.4,68,0.00,,,0.12,meteohub,
2010-07-21,14:15:00,80.2,69.6,29.81,ESE,112,2.5,3.6,70,0.00,,,0.12,meteohub,
2010-07-21,14:21:00,79.7,69.8,29.81,SE,135,2.2,2.5,72,0.00,,,0.12,meteohub,
2010-07-21,14:26:00,81.9,72.3,29.81,SSE,158,2.7,2.7,73,0.00,,,0.12,meteohub,
2010-07-21,14:31:00,83.3,72.5,29.81,ENE,68,2.0,2.2,70,0.00,,,0.12,meteohub,
2010-07-21,14:36:00,80.8,69.6,29.81,East,90,3.8,4.0,69,0.00,,,0.12,meteohub,
2010-07-21,14:42:00,79.5,68.9,29.81,SE,135,2.2,2.2,70,0.00,,,0.12,meteohub,
2010-07-21,14:47:00,79.0,69.3,29.81,East,90,2.7,2.7,72,0.00,,,0.12,meteohub,
2010-07-21,14:52:00,78.6,69.3,29.81,SSW,202,2.7,5.4,73,0.00,,,0.12,meteohub,
2010-07-21,14:57:00,78.8,69.4,29.81,ESE,112,3.1,7.2,73,0.00,,,0.12,meteohub,
2010-07-21,15:02:00,78.8,69.4,29.81,ENE,68,2.9,3.4,73,0.00,,,0.12,meteohub,
2010-07-21,15:08:00,79.7,70.3,29.81,ESE,112,2.9,3.6,73,0.00,,,0.12,meteohub,
2010-07-21,15:13:00,80.4,71.8,29.81,East,90,3.4,3.6,75,0.00,,,0.12,meteohub,
2010-07-21,15:18:00,79.3,69.4,29.81,ENE,68,4.3,4.3,72,0.00,,,0.12,meteohub,
2010-07-21,15:23:00,79.9,70.5,29.81,ENE,68,0.0,1.3,73,0.00,,,0.12,meteohub,
2010-07-21,15:28:00,79.3,70.3,29.78,NW,315,1.3,0.0,74,0.00,,,0.12,meteohub,
2010-07-21,15:34:00,77.9,69.3,29.78,SSE,158,2.2,2.9,75,0.00,,,0.12,meteohub,
2010-07-21,15:39:00,77.0,68.9,29.78,SE,135,1.1,1.6,76,0.00,,,0.12,meteohub,
2010-07-21,15:44:00,75.7,68.7,29.84,NW,315,2.0,2.0,79,0.00,,,0.12,meteohub,
2010-07-21,15:49:00,73.4,68.2,29.84,SW,225,0.9,2.2,84,3.35,,,0.12,meteohub,
2010-07-21,15:55:00,72.5,68.7,29.84,South,180,1.3,1.3,88,1.77,,,0.54,meteohub,
2010-07-21,16:00:00,71.8,68.7,29.84,SSW,202,1.3,1.3,90,0.91,,,0.58,meteohub,
2010-07-21,16:05:00,71.4,68.7,29.84,South,180,1.6,2.0,91,0.91,,,0.62,meteohub,
2010-07-21,16:10:00,71.4,68.7,29.84,SW,225,1.6,1.6,91,0.91,,,0.62,meteohub,
2010-07-21,16:15:00,71.2,68.7,29.84,NE,45,1.3,1.6,92,0.91,,,0.62,meteohub,
2010-07-21,16:21:00,70.7,68.2,29.84,SSW,202,2.5,2.7,92,0.91,,,0.62,meteohub,
2010-07-21,16:26:00,70.2,67.6,29.84,NNW,338,0.9,1.6,92,0.91,,,0.62,meteohub,
2010-07-21,16:31:00,70.0,67.5,29.84,WSW,248,0.0,0.0,92,0.91,,,0.62,meteohub,
2010-07-21,16:36:00,69.8,67.3,29.84,NNW,338,0.9,0.0,92,0.91,,,0.62,meteohub,
2010-07-21,16:42:00,69.8,67.6,29.84,SSE,158,1.3,2.7,93,0.91,,,0.62,meteohub,
2010-07-21,16:47:00,69.8,67.6,29.84,SSE,158,1.3,2.5,93,0.91,,,0.62,meteohub,
2010-07-21,16:52:00,70.0,67.8,29.84,NW,315,0.9,2.2,93,0.91,,,0.62,meteohub,
2010-07-21,16:57:00,70.5,68.4,29.84,West,270,1.3,0.0,93,0.91,,,0.62,meteohub,
2010-07-21,17:03:00,70.9,68.7,29.84,WNW,292,1.1,0.0,93,0.91,,,0.62,meteohub,
2010-07-21,17:08:00,71.1,68.9,29.84,East,90,1.1,1.6,93,0.91,,,0.62,meteohub,
2010-07-21,17:13:00,71.2,68.7,29.84,WSW,248,1.3,0.0,92,0.91,,,0.62,meteohub,
2010-07-21,17:18:00,71.1,68.5,29.84,South,180,0.9,1.3,92,0.91,,,0.62,meteohub,
2010-07-21,17:23:00,71.1,68.5,29.84,NW,315,0.0,0.0,92,0.91,,,0.62,meteohub,
2010-07-21,17:29:00,71.1,68.5,29.84,NNW,338,0.0,1.1,92,0.91,,,0.62,meteohub,
2010-07-21,17:34:00,71.2,68.7,29.84,NNW,338,0.9,1.3,92,0.91,,,0.62,meteohub,
2010-07-21,17:39:00,71.2,68.5,29.84,WNW,292,0.0,2.5,91,0.91,,,0.62,meteohub,
2010-07-21,17:44:00,71.6,68.9,29.84,WNW,292,0.0,0.0,91,0.91,,,0.62,meteohub,
2010-07-21,17:49:00,71.6,68.5,29.84,SE,135,0.0,3.1,90,0.91,,,0.62,meteohub,
2010-07-21,17:55:00,71.4,68.4,29.84,SSW,202,0.0,0.0,90,0.91,,,0.62,meteohub,
2010-07-21,18:00:00,71.2,68.2,29.84,SSE,158,0.0,0.9,90,0.91,,,0.62,meteohub,
2010-07-21,18:05:00,70.9,67.8,29.84,SSE,158,2.0,2.0,90,0.00,,,0.62,meteohub,
2010-07-21,18:10:00,70.7,67.6,29.84,SSW,202,1.3,1.3,90,0.00,,,0.62,meteohub,
2010-07-21,18:15:00,70.3,67.3,29.84,NNW,338,1.6,0.0,90,0.00,,,0.62,meteohub,
2010-07-21,18:21:00,70.0,66.9,29.84,WNW,292,0.0,0.0,90,0.00,,,0.62,meteohub,
2010-07-21,18:26:00,69.8,66.7,29.84,NNW,338,1.1,1.1,90,0.00,,,0.62,meteohub,
2010-07-21,18:31:00,69.6,66.9,29.84,NNW,338,0.0,2.9,91,0.00,,,0.62,meteohub,
2010-07-21,18:36:00,69.8,67.1,29.84,NNW,338,0.0,0.0,91,0.00,,,0.62,meteohub,
2010-07-21,18:42:00,70.3,67.6,29.84,WNW,292,0.0,0.0,91,0.00,,,0.62,meteohub,
2010-07-21,18:47:00,70.3,67.6,29.84,South,180,0.0,0.0,91,0.00,,,0.62,meteohub,
2010-07-21,18:52:00,70.2,67.5,29.84,NNW,338,0.0,0.0,91,0.00,,,0.62,meteohub,
2010-07-21,18:57:00,70.2,67.5,29.84,West,270,0.0,0.0,91,0.00,,,0.62,meteohub,
2010-07-21,19:02:00,70.3,67.6,29.84,NW,315,0.0,0.0,91,0.00,,,0.62,meteohub,
2010-07-21,19:08:00,70.2,67.5,29.84,NW,315,0.0,0.0,91,0.00,,,0.62,meteohub,
2010-07-21,19:13:00,69.8,67.1,29.84,NW,315,0.0,0.0,91,0.00,,,0.62,meteohub,
2010-07-21,19:18:00,69.6,67.3,29.84,SE,135,0.0,0.0,92,0.00,,,0.62,meteohub,
2010-07-21,19:23:00,69.6,67.3,29.84,WSW,248,0.0,0.0,92,0.00,,,0.62,meteohub,
2010-07-21,19:28:00,69.4,67.1,29.87,WSW,248,0.0,0.0,92,0.00,,,0.62,meteohub,
2010-07-21,19:34:00,69.4,67.1,29.87,North,0,0.0,0.0,92,0.00,,,0.62,meteohub,
2010-07-21,19:39:00,69.4,67.3,29.87,NNE,22,0.0,0.0,93,0.00,,,0.62,meteohub,
2010-07-21,19:44:00,69.4,67.3,29.84,North,0,0.0,0.0,93,0.00,,,0.62,meteohub,
2010-07-21,19:49:00,69.3,67.1,29.84,WSW,248,0.0,0.0,93,0.00,,,0.62,meteohub,
2010-07-21,19:55:00,69.3,67.1,29.84,NNW,338,0.0,0.0,93,0.00,,,0.62,meteohub,
2010-07-21,20:00:00,69.1,66.9,29.87,NNW,338,0.0,0.0,93,0.00,,,0.62,meteohub,
2010-07-21,20:02:00,69.1,66.9,29.87,WNW,292,0.0,0.0,93,0.00,,,0.62,meteohub,
2010-07-21,20:07:00,68.9,66.7,29.87,WNW,292,0.0,0.0,93,0.00,,,0.62,meteohub,
2010-07-21,20:12:00,68.7,66.6,29.87,WNW,292,0.0,0.0,93,0.00,,,0.62,meteohub,
2010-07-21,20:17:00,68.7,66.6,29.87,NW,315,0.0,0.0,93,0.00,,,0.62,meteohub,
2010-07-21,20:23:00,68.5,66.4,29.87,North,0,0.0,0.0,93,0.00,,,0.62,meteohub,
2010-07-21,20:28:00,68.4,66.2,29.84,WNW,292,0.0,0.0,93,0.00,,,0.62,meteohub,
2010-07-21,20:33:00,68.4,66.2,29.84,WNW,292,0.0,0.0,93,0.00,,,0.62,meteohub,
2010-07-21,20:38:00,68.2,66.0,29.84,SW,225,0.0,0.0,93,0.00,,,0.62,meteohub,
2010-07-21,20:43:00,68.2,66.0,29.84,NW,315,0.0,0.0,93,0.00,,,0.62,meteohub,
2010-07-21,20:49:00,68.2,66.0,29.84,WNW,292,0.0,0.0,93,0.00,,,0.62,meteohub,
2010-07-21,20:54:00,68.2,66.4,29.84,NE,45,0.0,0.0,94,0.00,,,0.62,meteohub,
2010-07-21,20:59:00,68.2,66.4,29.87,SSW,202,0.0,0.0,94,0.00,,,0.62,meteohub,
2010-07-21,21:04:00,68.2,66.4,29.87,SSW,202,0.0,0.0,94,0.00,,,0.62,meteohub,
2010-07-21,21:09:00,67.8,66.0,29.87,NE,45,0.0,0.0,94,0.00,,,0.62,meteohub,
2010-07-21,21:15:00,67.5,65.7,29.87,ESE,112,0.0,0.0,94,0.00,,,0.62,meteohub,
2010-07-21,21:20:00,67.3,65.5,29.87,ESE,112,0.0,0.0,94,0.00,,,0.62,meteohub,
2010-07-21,21:25:00,67.1,65.7,29.87,SE,135,0.0,0.0,95,0.00,,,0.62,meteohub,
2010-07-21,21:30:00,66.9,65.5,29.87,SSE,158,0.0,0.0,95,0.00,,,0.62,meteohub,
2010-07-21,21:36:00,66.9,65.5,29.87,SSE,158,0.0,0.0,95,0.00,,,0.62,meteohub,
2010-07-21,21:41:00,66.9,65.5,29.87,SSE,158,0.0,0.0,95,0.00,,,0.62,meteohub,
2010-07-21,21:46:00,66.9,65.7,29.87,SSE,158,0.0,0.0,96,0.00,,,0.62,meteohub,
2010-07-21,21:51:00,66.9,65.7,29.87,SE,135,0.0,0.0,96,0.00,,,0.62,meteohub,
2010-07-21,21:56:00,66.9,65.7,29.87,SW,225,0.0,0.0,96,0.00,,,0.62,meteohub,
2010-07-21,22:02:00,66.9,65.7,29.87,WSW,248,0.0,0.0,96,0.00,,,0.62,meteohub,
2010-07-21,22:07:00,66.9,65.7,29.87,WSW,248,0.0,0.0,96,0.00,,,0.62,meteohub,
2010-07-21,22:12:00,66.9,65.7,29.87,West,270,0.0,0.0,96,0.00,,,0.62,meteohub,
2010-07-21,22:17:00,67.1,65.8,29.87,West,270,0.0,0.0,96,0.00,,,0.62,meteohub,
2010-07-21,22:23:00,67.1,65.8,29.87,West,270,0.0,0.0,96,0.00,,,0.62,meteohub,
2010-07-21,22:28:00,67.1,65.8,29.87,West,270,0.0,0.0,96,0.00,,,0.62,meteohub,
2010-07-21,22:33:00,67.1,66.2,29.87,West,270,0.0,0.0,97,0.00,,,0.62,meteohub,
2010-07-21,22:38:00,67.3,66.0,29.87,West,270,0.0,0.0,96,0.00,,,0.62,meteohub,
2010-07-21,22:43:00,67.3,66.0,29.87,West,270,0.0,0.0,96,0.00,,,0.62,meteohub,
2010-07-21,22:49:00,67.3,66.4,29.87,WSW,248,0.0,0.0,97,0.00,,,0.62,meteohub,
2010-07-21,22:54:00,67.3,66.4,29.87,WSW,248,0.0,0.0,97,0.00,,,0.62,meteohub,
2010-07-21,22:59:00,67.1,66.2,29.84,WSW,248,0.0,0.0,97,0.00,,,0.62,meteohub,
2010-07-21,23:04:00,66.9,66.0,29.84,WSW,248,0.0,0.0,97,0.00,,,0.62,meteohub,
2010-07-21,23:09:00,66.7,65.8,29.84,WSW,248,0.0,0.0,97,0.00,,,0.62,meteohub,
2010-07-21,23:15:00,66.6,65.7,29.87,WSW,248,0.0,0.0,97,0.00,,,0.62,meteohub,
2010-07-21,23:20:00,66.4,65.5,29.87,WSW,248,0.0,0.0,97,0.00,,,0.62,meteohub,
2010-07-21,23:25:00,66.4,65.5,29.87,WSW,248,0.0,0.0,97,0.00,,,0.62,meteohub,
2010-07-21,23:30:00,66.2,65.3,29.87,WSW,248,0.0,0.0,97,0.00,,,0.62,meteohub,
2010-07-21,23:36:00,66.0,65.1,29.87,WSW,248,0.0,0.0,97,0.00,,,0.62,meteohub,
2010-07-21,23:41:00,66.0,65.1,29.87,WSW,248,0.0,0.0,97,0.00,,,0.62,meteohub,
2010-07-21,23:46:00,65.8,64.9,29.87,WSW,248,0.0,0.0,97,0.00,,,0.62,meteohub,
2010-07-21,23:51:00,65.7,64.8,29.87,WSW,248,0.0,0.0,97,0.00,,,0.62,meteohub,
2010-07-21,23:56:00,65.7,64.8,29.87,WSW,248,0.0,0.0,97,0.00,,,0.62,meteohub,
2010-07-22,00:00:00,61.7,61.2,30.12,ESE,112,1.0,3.0,98,0.00,,,0.05,meteohub,
2010-07-22,00:01:00,61.7,61.2,30.12,ENE,68,0.0,3.0,98,0.00,,,0.05,meteohub,
2010-07-22,00:12:00,61.7,61.2,30.12,ESE,112,0.0,3.0,98,0.00,,,0.05,meteohub,
2010-07-22,00:37:00,61.7,61.2,30.12,SSE,158,0.0,2.0,98,0.00,,,0.05,meteohub,
2010-07-22,00:42:00,61.7,61.2,30.12,SSE,158,0.0,2.0,98,0.00,,,0.05,meteohub,
2010-07-22,00:57:00,61.7,61.2,30.12,WSW,248,0.0,2.0,98,0.00,,,0.05,meteohub,
2010-07-22,01:02:00,61.7,61.2,30.14,WSW,248,0.0,2.0,98,0.00,,,0.05,meteohub,
2010-07-22,01:07:00,61.9,61.3,30.14,WSW,248,0.0,2.0,98,0.00,,,0.05,meteohub,
2010-07-22,01:17:00,61.9,61.3,30.12,WSW,248,0.0,0.0,98,0.00,,,0.05,meteohub,
2010-07-22,01:32:00,61.9,61.3,30.12,WSW,248,0.0,0.0,98,0.00,,,0.05,meteohub,
2010-07-22,01:52:00,61.9,61.3,30.12,WSW,248,0.0,0.0,98,0.00,,,0.05,meteohub,
2010-07-22,02:02:00,61.9,61.3,30.12,SE,135,0.0,0.0,98,0.04,,,0.09,meteohub,
2010-07-22,02:12:00,62.1,61.5,30.12,SE,135,0.0,0.0,98,0.04,,,0.09,meteohub,
2010-07-22,02:22:00,61.9,61.3,30.09,NE,45,0.0,1.0,98,0.04,,,0.09,meteohub,
2010-07-22,02:32:00,61.9,61.3,30.12,ESE,112,0.0,1.0,98,0.04,,,0.09,meteohub,
2010-07-22,02:37:00,61.9,61.3,30.12,ESE,112,0.0,0.0,98,0.04,,,0.09,meteohub,
2010-07-22,02:42:00,61.9,61.3,30.12,ESE,112,0.0,0.0,98,0.04,,,0.09,meteohub,
2010-07-22,02:57:00,61.9,61.3,30.12,ENE,68,0.0,0.0,98,0.04,,,0.09,meteohub,
2010-07-22,03:07:00,61.9,61.3,30.12,NE,45,0.0,3.0,98,0.00,,,0.09,meteohub,
2010-07-22,03:12:00,61.9,61.3,30.12,ESE,112,0.0,3.0,98,0.00,,,0.09,meteohub,
2010-07-22,03:22:00,61.9,61.3,30.12,ENE,68,0.0,1.0,98,0.00,,,0.09,meteohub,
2010-07-22,03:27:00,61.9,61.3,30.12,ESE,112,0.0,1.0,98,0.00,,,0.09,meteohub,
2010-07-22,03:43:00,61.9,61.3,30.12,NNW,338,0.0,1.0,98,0.00,,,0.09,meteohub,
2010-07-22,03:53:00,61.9,61.3,30.12,SE,135,0.0,1.0,98,0.00,,,0.09,meteohub,
2010-07-22,04:04:00,61.9,61.3,30.12,SSE,158,0.0,1.0,98,0.00,,,0.09,meteohub,
2010-07-22,04:09:00,61.9,61.3,30.12,ESE,112,0.0,1.0,98,0.00,,,0.09,meteohub,
2010-07-22,04:40:00,61.9,61.3,30.14,SSW,202,0.0,0.0,98,0.00,,,0.09,meteohub,
2010-07-22,04:45:00,61.9,61.3,30.14,SSW,202,0.0,0.0,98,0.00,,,0.09,meteohub,
2010-07-22,04:55:00,61.9,61.3,30.14,SSW,202,0.0,0.0,98,0.00,,,0.09,meteohub,
2010-07-22,05:11:00,61.9,61.3,30.12,SSW,202,0.0,0.0,98,0.00,,,0.09,meteohub,
2010-07-22,05:16:00,61.9,61.3,30.12,SSW,202,0.0,0.0,98,0.00,,,0.09,meteohub,
2010-07-22,05:27:00,61.9,61.3,30.12,SSW,202,0.0,0.0,98,0.00,,,0.09,meteohub,
2010-07-22,05:52:00,61.9,61.3,30.12,NNE,22,0.0,1.0,98,0.00,,,0.09,meteohub,
2010-07-22,06:02:00,61.9,61.3,30.12,NNE,22,0.0,1.0,98,0.00,,,0.09,meteohub,
2010-07-22,06:07:00,62.1,61.5,30.12,NNE,22,0.0,0.0,98,0.00,,,0.09,meteohub,
2010-07-22,06:17:00,62.1,61.5,30.09,NW,315,0.0,0.0,98,0.00,,,0.09,meteohub,
2010-07-22,06:27:00,62.2,61.7,30.09,WSW,248,0.0,1.0,98,0.00,,,0.09,meteohub,
2010-07-22,06:37:00,62.2,61.7,30.12,West,270,0.0,1.0,98,0.00,,,0.09,meteohub,
2010-07-22,06:42:00,62.2,61.7,30.12,WNW,292,0.0,0.0,98,0.00,,,0.09,meteohub,
2010-07-22,06:47:00,62.4,61.9,30.12,WNW,292,0.0,0.0,98,0.00,,,0.09,meteohub,
2010-07-22,06:57:00,62.6,62.1,30.12,West,270,0.0,1.0,98,0.00,,,0.09,meteohub,
2010-07-22,07:02:00,62.6,62.1,30.12,WSW,248,0.0,1.0,98,0.00,,,0.09,meteohub,
2010-07-22,07:08:00,62.8,62.2,30.12,ENE,68,1.0,1.0,98,0.00,,,0.09,meteohub,
2010-07-22,07:39:00,64.2,63.7,30.14,NNE,22,0.0,1.0,98,0.00,,,0.09,meteohub,
2010-07-22,07:54:00,64.2,63.7,30.14,WSW,248,0.0,0.0,98,0.00,,,0.09,meteohub,
2010-07-22,08:00:00,64.4,63.5,30.17,WSW,248,0.0,3.0,97,0.00,,,0.09,meteohub,
2010-07-22,08:20:00,65.5,64.6,30.14,West,270,0.0,2.0,97,0.00,,,0.09,meteohub,
2010-07-22,08:26:00,65.7,64.4,30.14,NW,315,0.0,0.0,96,0.00,,,0.09,meteohub,
2010-07-22,08:31:00,65.8,64.4,30.17,West,270,1.0,3.0,95,0.00,,,0.09,meteohub,
2010-07-22,08:36:00,65.8,64.4,30.17,West,270,0.0,3.0,95,0.00,,,0.09,meteohub,
2010-07-22,08:41:00,66.0,64.6,30.17,WNW,292,0.0,3.0,95,0.00,,,0.09,meteohub,
2010-07-22,08:52:00,66.2,64.4,30.17,NW,315,0.0,1.0,94,0.00,,,0.09,meteohub,
2010-07-22,09:07:00,66.6,64.2,30.17,WSW,248,0.0,3.0,92,0.00,,,0.09,meteohub,
2010-07-22,09:12:00,66.6,64.2,30.17,West,270,0.0,3.0,92,0.00,,,0.09,meteohub,
2010-07-22,09:17:00,66.6,63.9,30.17,West,270,0.0,3.0,91,0.00,,,0.09,meteohub,
2010-07-22,09:22:00,66.7,64.0,30.17,West,270,0.0,3.0,91,0.00,,,0.09,meteohub,
2010-07-22,09:27:00,66.7,64.0,30.17,WSW,248,2.0,3.0,91,0.00,,,0.09,meteohub,
2010-07-22,09:37:00,67.5,64.8,30.17,West,270,2.0,3.0,91,0.00,,,0.09,meteohub,
2010-07-22,10:17:00,69.1,63.3,30.17,WSW,248,2.0,2.0,82,0.00,,,0.09,meteohub,
2010-07-22,10:27:00,69.3,64.2,30.17,West,270,0.0,3.0,84,0.00,,,0.09,meteohub,
2010-07-22,10:32:00,69.8,64.4,30.17,WSW,248,0.0,3.0,83,0.00,,,0.09,meteohub,
2010-07-22,11:49:00,73.2,63.7,30.17,West,270,0.0,3.0,72,0.00,,,0.09,meteohub,
2010-07-22,12:12:00,72.9,62.1,30.17,WSW,248,2.0,6.0,69,0.00,,,0.09,meteohub,
2010-07-22,12:14:00,72.9,62.1,30.17,WSW,248,2.0,6.0,69,0.00,,,0.09,meteohub,
2010-07-22,12:15:00,72.9,62.1,30.17,West,270,2.0,6.0,69,0.00,,,0.09,meteohub,
2010-07-22,12:27:00,73.4,62.2,30.17,West,270,2.0,5.0,68,0.00,,,0.09,meteohub,
2010-07-22,12:32:00,73.4,62.2,30.17,WNW,292,2.0,5.0,68,0.00,,,0.09,meteohub,
2010-07-22,12:43:00,73.8,63.0,30.17,West,270,0.0,4.0,69,0.00,,,0.09,meteohub,
2010-07-22,12:51:00,74.7,63.3,30.17,NNW,338,1.0,4.0,68,0.00,,,0.09,meteohub,
2010-07-22,12:56:00,74.7,63.3,30.17,WSW,248,3.0,4.0,68,0.00,,,0.09,meteohub,
2010-07-22,13:19:00,76.3,63.7,30.17,WNW,292,3.0,4.0,65,0.00,,,0.09,meteohub,
2010-07-22,13:24:00,77.0,63.0,30.17,WNW,292,3.0,6.0,62,0.00,,,0.09,meteohub,
2010-07-22,13:29:00,77.0,62.6,30.17,WSW,248,5.0,6.0,61,0.00,,,0.09,meteohub,
2010-07-22,13:34:00,78.4,63.9,30.17,West,270,4.0,6.0,61,0.00,,,0.09,meteohub,
2010-07-22,13:46:00,79.3,57.9,30.14,WSW,248,2.0,9.0,48,0.00,,,0.09,meteohub,
2010-07-22,13:51:00,78.1,57.9,30.14,WSW,248,4.0,9.0,50,0.00,,,0.09,meteohub,
2010-07-22,13:56:00,77.9,58.3,30.14,WSW,248,5.0,9.0,51,0.00,,,0.09,meteohub,
2010-07-22,14:01:00,77.4,60.4,30.17,WSW,248,4.0,8.0,56,0.00,,,0.09,meteohub,
2010-07-22,14:02:00,77.4,60.4,30.17,WSW,248,3.0,8.0,56,0.00,,,0.09,meteohub,
2010-07-22,14:06:00,78.1,59.5,30.17,WNW,292,4.0,5.0,53,0.00,,,0.09,meteohub,
2010-07-22,14:32:00,78.8,59.2,30.17,West,270,6.0,6.0,51,0.00,,,0.09,meteohub,
2010-07-22,14:37:00,77.7,57.0,30.17,WNW,292,2.0,11.0,49,0.00,,,0.09,meteohub,
2010-07-22,14:49:00,80.8,61.0,30.17,NNE,22,1.0,11.0,51,0.00,,,0.09,meteohub,
2010-07-22,15:07:00,81.1,59.0,30.14,West,270,3.0,6.0,47,0.00,,,0.09,meteohub,
2010-07-22,15:12:00,81.0,58.3,30.14,West,270,1.0,6.0,46,0.00,,,0.09,meteohub,
2010-07-22,15:19:00,82.6,59.7,30.14,NE,45,1.0,5.0,46,0.00,,,0.09,meteohub,
2010-07-22,15:32:00,81.7,61.2,30.14,WSW,248,0.0,4.0,50,0.00,,,0.09,meteohub,
2010-07-22,15:37:00,82.9,61.2,30.14,WSW,248,2.0,4.0,48,0.00,,,0.09,meteohub,
2010-07-22,15:44:00,83.8,61.5,30.14,WNW,292,0.0,4.0,47,0.00,,,0.09,meteohub,
2010-07-22,16:16:00,81.3,61.0,30.12,SSE,158,1.0,4.0,50,0.00,,,0.09,meteohub,
2010-07-22,16:21:00,80.4,60.1,30.12,WSW,248,2.0,4.0,50,0.00,,,0.09,meteohub,
2010-07-22,16:26:00,80.6,60.3,30.12,WSW,248,0.0,6.0,50,0.00,,,0.09,meteohub,
2010-07-22,16:31:00,81.0,61.2,30.12,WSW,248,1.0,6.0,51,0.00,,,0.09,meteohub,
2010-07-22,16:37:00,80.8,60.4,30.12,WNW,292,2.0,6.0,50,0.00,,,0.09,meteohub,
2010-07-22,16:42:00,79.3,60.3,30.12,West,270,0.0,3.0,52,0.00,,,0.09,meteohub,
2010-07-22,16:57:00,78.3,61.7,30.12,West,270,0.0,5.0,57,0.00,,,0.09,meteohub,
2010-07-22,17:02:00,78.3,61.3,30.14,WSW,248,3.0,5.0,56,0.00,,,0.09,meteohub,
2010-07-22,17:12:00,77.5,61.5,30.14,West,270,0.0,3.0,58,0.00,,,0.09,meteohub,
2010-07-22,17:22:00,77.2,61.7,30.14,WSW,248,4.0,4.0,59,0.00,,,0.09,meteohub,
2010-07-22,17:28:00,77.2,61.7,30.12,WSW,248,0.0,4.0,59,0.00,,,0.09,meteohub,
2010-07-22,17:40:00,76.8,61.9,30.12,West,270,1.0,4.0,60,0.00,,,0.09,meteohub,
2010-07-22,17:45:00,76.6,62.2,30.12,ENE,68,0.0,3.0,61,0.00,,,0.09,meteohub,
2010-07-22,17:50:00,76.6,62.2,30.12,NW,315,0.0,3.0,61,0.00,,,0.09,meteohub,
2010-07-22,17:55:00,76.6,62.6,30.12,SSW,202,0.0,3.0,62,0.00,,,0.09,meteohub,
2010-07-22,18:06:00,76.5,63.0,30.12,West,270,0.0,3.0,63,0.00,,,0.09,meteohub,
2010-07-22,18:11:00,76.3,62.8,30.12,West,270,0.0,2.0,63,0.00,,,0.09,meteohub,
2010-07-22,18:16:00,76.3,63.7,30.09,West,270,0.0,2.0,65,0.00,,,0.09,meteohub,
2010-07-22,18:32:00,76.6,63.5,30.09,NE,45,1.0,3.0,64,0.00,,,0.09,meteohub,
2010-07-22,18:47:00,75.0,62.4,30.12,ENE,68,0.0,2.0,65,0.00,,,0.09,meteohub,
2010-07-22,18:53:00,74.5,62.4,30.12,ENE,68,0.0,2.0,66,0.00,,,0.09,meteohub,
2010-07-22,18:58:00,74.3,62.2,30.12,WSW,248,0.0,2.0,66,0.00,,,0.09,meteohub,
2010-07-22,19:03:00,74.1,62.4,30.12,WSW,248,0.0,1.0,67,0.00,,,0.09,meteohub,
2010-07-22,19:08:00,73.6,62.8,30.12,West,270,0.0,0.0,69,0.00,,,0.09,meteohub,
2010-07-22,19:19:00,73.0,63.1,30.12,West,270,0.0,0.0,71,0.00,,,0.09,meteohub,
2010-07-22,19:29:00,72.3,63.1,30.12,West,270,0.0,0.0,73,0.00,,,0.09,meteohub,
2010-07-22,19:34:00,72.1,63.3,30.12,West,270,0.0,0.0,74,0.00,,,0.09,meteohub,
2010-07-22,19:57:00,71.1,63.9,30.12,West,270,0.0,0.0,78,0.00,,,0.09,meteohub,
2010-07-22,20:02:00,70.9,64.0,30.12,West,270,0.0,0.0,79,0.00,,,0.09,meteohub,
2010-07-22,20:07:00,70.3,63.5,30.12,West,270,0.0,0.0,79,0.00,,,0.00,meteohub,
2010-07-22,20:12:00,70.0,63.5,30.12,West,270,0.0,0.0,80,0.00,,,0.00,meteohub,
2010-07-22,20:17:00,69.8,63.3,30.12,West,270,0.0,0.0,80,0.00,,,0.00,meteohub,
2010-07-22,20:38:00,68.5,63.5,30.09,West,270,0.0,0.0,84,0.00,,,0.00,meteohub,
2010-07-22,20:44:00,68.0,63.0,30.12,West,270,0.0,0.0,84,0.00,,,0.00,meteohub,
2010-07-22,20:49:00,67.8,63.5,30.12,West,270,0.0,0.0,86,0.00,,,0.00,meteohub,
2010-07-22,20:54:00,67.8,63.5,30.12,West,270,0.0,0.0,86,0.00,,,0.00,meteohub,
2010-07-22,21:00:00,67.5,63.5,30.12,West,270,0.0,0.0,87,0.00,,,0.00,meteohub,
2010-07-22,21:16:00,66.9,63.5,30.12,West,270,0.0,0.0,89,0.00,,,0.00,meteohub,
2010-07-22,21:26:00,66.7,63.3,30.12,West,270,0.0,0.0,89,0.00,,,0.00,meteohub,
2010-07-22,21:32:00,66.7,63.3,30.14,West,270,0.0,0.0,89,0.00,,,0.00,meteohub,
2010-07-22,21:37:00,66.7,63.7,30.14,West,270,0.0,0.0,90,0.00,,,0.00,meteohub,
2010-07-22,21:42:00,66.6,63.5,30.14,West,270,0.0,0.0,90,0.00,,,0.00,meteohub,
2010-07-22,22:02:00,66.2,63.5,30.12,West,270,0.0,0.0,91,0.00,,,0.00,meteohub,
2010-07-22,22:37:00,65.5,63.1,30.12,West,270,0.0,0.0,92,0.00,,,0.00,meteohub,
2010-07-22,22:42:00,65.5,63.1,30.12,West,270,0.0,0.0,92,0.00,,,0.00,meteohub,
2010-07-22,23:01:00,64.9,62.8,30.12,West,270,0.0,0.0,93,0.00,,,0.00,meteohub,
2010-07-22,23:22:00,64.4,62.6,30.12,West,270,0.0,0.0,94,0.00,,,0.00,meteohub,
2010-07-22,23:27:00,64.4,62.6,30.12,West,270,0.0,0.0,94,0.00,,,0.00,meteohub,
2010-07-22,23:43:00,64.0,62.2,30.12,West,270,0.0,0.0,94,0.00,,,0.00,meteohub,
2010-07-22,23:49:00,63.9,62.1,30.12,West,270,0.0,0.0,94,0.00,,,0.00,meteohub,
2010-07-22,23:55:00,63.9,62.4,30.12,West,270,0.0,0.0,95,0.00,,,0.00,meteohub,
2010-07-23,00:04:00,63.7,62.2,30.12,West,270,0.0,0.0,95,0.00,,,0.00,meteohub,
2010-07-23,00:07:00,63.7,62.2,30.12,West,270,0.0,0.0,95,0.00,,,0.00,meteohub,
2010-07-23,00:12:00,63.5,62.1,30.12,West,270,0.0,0.0,95,0.00,,,0.00,meteohub,
2010-07-23,00:17:00,63.3,61.9,30.12,West,270,0.0,0.0,95,0.00,,,0.00,meteohub,
2010-07-23,00:58:00,63.0,61.5,30.12,West,270,0.0,0.0,95,0.00,,,0.00,meteohub,
2010-07-23,01:56:00,62.1,61.0,30.12,West,270,0.0,0.0,96,0.00,,,0.00,meteohub,
2010-07-23,02:38:00,61.5,60.6,30.12,West,270,0.0,0.0,97,0.00,,,0.00,meteohub,
2010-07-23,02:56:00,61.3,60.4,30.12,West,270,0.0,0.0,97,0.00,,,0.00,meteohub,
2010-07-23,03:01:00,61.3,60.4,30.12,West,270,0.0,0.0,97,0.00,,,0.00,meteohub,
2010-07-23,03:12:00,61.3,60.4,30.12,West,270,0.0,0.0,97,0.00,,,0.00,meteohub,
2010-07-23,03:17:00,61.3,60.4,30.12,West,270,0.0,0.0,97,0.00,,,0.00,meteohub,
2010-07-23,03:22:00,61.3,60.4,30.12,West,270,0.0,0.0,97,0.00,,,0.00,meteohub,
2010-07-23,03:32:00,61.3,60.4,30.12,West,270,0.0,0.0,97,0.00,,,0.00,meteohub,
2010-07-23,03:37:00,61.2,60.3,30.12,West,270,0.0,0.0,97,0.00,,,0.00,meteohub,
2010-07-23,03:47:00,61.0,60.1,30.12,West,270,0.0,0.0,97,0.00,,,0.00,meteohub,
2010-07-23,03:57:00,61.0,60.1,30.12,West,270,0.0,0.0,97,0.00,,,0.00,meteohub,
2010-07-23,04:02:00,61.0,60.1,30.09,West,270,0.0,0.0,97,0.00,,,0.00,meteohub,
2010-07-23,04:07:00,60.8,59.9,30.09,West,270,0.0,0.0,97,0.00,,,0.00,meteohub,
2010-07-23,04:12:00,60.8,59.9,30.09,West,270,0.0,0.0,97,0.00,,,0.00,meteohub,
2010-07-23,04:27:00,60.6,60.1,30.12,West,270,0.0,0.0,98,0.00,,,0.00,meteohub,
2010-07-23,04:32:00,60.4,59.9,30.12,West,270,0.0,0.0,98,0.00,,,0.00,meteohub,
2010-07-23,04:42:00,60.4,59.9,30.12,West,270,0.0,0.0,98,0.00,,,0.00,meteohub,
2010-07-23,04:52:00,60.3,59.7,30.12,West,270,0.0,0.0,98,0.00,,,0.00,meteohub,
2010-07-23,04:57:00,60.3,59.7,30.12,West,270,0.0,0.0,98,0.00,,,0.00,meteohub,
2010-07-23,05:02:00,60.3,59.7,30.12,West,270,0.0,0.0,98,0.00,,,0.00,meteohub,
2010-07-23,05:22:00,60.1,59.5,30.09,West,270,0.0,0.0,98,0.00,,,0.00,meteohub,
2010-07-23,05:27:00,60.1,59.5,30.09,West,270,0.0,0.0,98,0.00,,,0.00,meteohub,
2010-07-23,05:38:00,60.3,59.7,30.12,West,270,0.0,0.0,98,0.00,,,0.00,meteohub,
2010-07-23,05:43:00,60.3,59.7,30.12,West,270,0.0,0.0,98,0.00,,,0.00,meteohub,
2010-07-23,05:48:00,60.3,59.7,30.12,West,270,0.0,0.0,98,0.00,,,0.00,meteohub,
2010-07-23,05:53:00,60.4,59.9,30.12,West,270,0.0,0.0,98,0.00,,,0.00,meteohub,
2010-07-23,05:58:00,60.4,59.9,30.09,West,270,0.0,0.0,98,0.00,,,0.00,meteohub,
2010-07-23,06:09:00,60.8,60.3,30.09,West,270,0.0,0.0,98,0.00,,,0.00,meteohub,
2010-07-23,06:19:00,61.2,60.6,30.09,West,270,0.0,0.0,98,0.00,,,0.00,meteohub,
2010-07-23,06:25:00,61.3,60.8,30.09,West,270,0.0,0.0,98,0.00,,,0.00,meteohub,
2010-07-23,06:30:00,61.5,61.0,30.12,West,270,0.0,0.0,98,0.00,,,0.00,meteohub,
2010-07-23,06:35:00,61.7,61.2,30.12,West,270,0.0,0.0,98,0.00,,,0.00,meteohub,
2010-07-23,06:40:00,61.9,61.3,30.12,West,270,0.0,0.0,98,0.00,,,0.00,meteohub,
2010-07-23,06:51:00,62.1,61.5,30.12,West,270,0.0,0.0,98,0.00,,,0.00,meteohub,
2010-07-23,06:56:00,62.2,61.7,30.12,West,270,0.0,0.0,98,0.00,,,0.00,meteohub,
2010-07-23,07:06:00,63.3,62.8,30.09,West,270,0.0,0.0,98,0.00,,,0.00,meteohub,
2010-07-23,07:11:00,64.0,63.5,30.09,West,270,0.0,0.0,98,0.00,,,0.00,meteohub,
2010-07-23,07:22:00,65.3,64.8,30.12,NW,315,0.0,0.0,98,0.00,,,0.00,meteohub,
2010-07-23,07:27:00,65.7,65.1,30.12,NNE,22,0.0,0.0,98,0.00,,,0.00,meteohub,
2010-07-23,07:32:00,66.0,65.1,30.12,SE,135,1.0,1.0,97,0.00,,,0.00,meteohub,
2010-07-23,07:37:00,66.4,65.5,30.12,NW,315,0.0,3.0,97,0.00,,,0.00,meteohub,
2010-07-23,07:42:00,66.7,65.8,30.09,SSW,202,1.0,3.0,97,0.00,,,0.00,meteohub,
2010-07-23,07:48:00,66.7,65.8,30.09,WSW,248,0.0,3.0,97,0.00,,,0.00,meteohub,
2010-07-23,07:53:00,67.1,66.2,30.09,NNW,338,0.0,3.0,97,0.00,,,0.00,meteohub,
2010-07-23,08:03:00,68.0,66.7,30.12,SE,135,2.0,2.0,96,0.00,,,0.00,meteohub,
2010-07-23,08:14:00,68.5,67.1,30.12,ENE,68,2.0,3.0,95,0.00,,,0.00,meteohub,
2010-07-23,08:19:00,68.9,66.6,30.12,SE,135,2.0,4.0,92,0.00,,,0.00,meteohub,
2010-07-23,08:50:00,71.4,66.0,30.09,ESE,112,3.0,4.0,83,0.00,,,0.00,meteohub,
2010-07-23,08:58:00,71.4,64.6,30.09,ESE,112,1.0,4.0,79,0.00,,,0.00,meteohub,
2010-07-23,08:59:00,71.4,64.6,30.09,West,270,0.0,4.0,79,0.00,,,0.00,meteohub,
2010-07-23,09:14:00,72.0,65.1,30.12,ESE,112,0.0,5.0,79,0.00,,,0.00,meteohub,
2010-07-23,09:20:00,72.0,64.8,30.12,ENE,68,1.0,3.0,78,0.00,,,0.00,meteohub,
2010-07-23,09:25:00,72.3,65.5,30.12,SE,135,3.0,4.0,79,0.00,,,0.00,meteohub,
2010-07-23,09:30:00,72.0,64.4,30.12,ENE,68,2.0,6.0,77,0.00,,,0.00,meteohub,
2010-07-23,09:36:00,72.0,64.4,30.12,East,90,2.0,6.0,77,0.00,,,0.00,meteohub,
2010-07-23,09:45:00,72.0,64.4,30.12,West,270,0.0,6.0,77,0.00,,,0.00,meteohub,
2010-07-23,09:50:00,74.5,63.1,30.14,ESE,112,3.0,6.0,68,0.00,,,0.00,meteohub,
2010-07-23,09:55:00,73.8,63.3,30.14,SE,135,3.0,6.0,70,0.00,,,0.00,meteohub,
2010-07-23,10:01:00,73.4,62.6,30.12,NW,315,3.0,6.0,69,0.00,,,0.00,meteohub,
2010-07-23,10:13:00,74.3,63.5,30.12,ESE,112,2.0,6.0,69,0.00,,,0.00,meteohub,
2010-07-23,10:23:00,75.2,64.4,30.12,SE,135,0.0,5.0,69,0.00,,,0.00,meteohub,
2010-07-23,10:28:00,75.6,64.2,30.12,ESE,112,2.0,5.0,68,0.00,,,0.00,meteohub,
2010-07-23,10:34:00,75.9,64.6,30.12,WNW,292,1.0,5.0,68,0.00,,,0.00,meteohub,
2010-07-23,10:39:00,77.5,64.4,30.12,NE,45,4.0,4.0,64,0.00,,,0.00,meteohub,
2010-07-23,11:01:00,77.7,62.8,30.12,ESE,112,3.0,7.0,60,0.00,,,0.00,meteohub,
2010-07-23,11:12:00,77.0,61.5,30.12,ESE,112,4.0,7.0,59,0.00,,,0.00,meteohub,
2010-07-23,11:17:00,76.5,62.1,30.12,ENE,68,3.0,5.0,61,0.00,,,0.00,meteohub,
2010-07-23,11:32:00,76.1,62.6,30.12,South,180,1.0,6.0,63,0.00,,,0.00,meteohub,
2010-07-23,11:42:00,76.3,63.1,30.12,East,90,2.0,5.0,64,0.00,,,0.00,meteohub,
2010-07-23,11:47:00,75.9,63.3,30.12,SE,135,4.0,5.0,65,0.00,,,0.00,meteohub,
2010-07-23,11:57:00,77.7,64.0,30.12,NNW,338,6.0,6.0,63,0.00,,,0.00,meteohub,
2010-07-23,12:08:00,77.7,63.1,30.12,ESE,112,3.0,6.0,61,0.00,,,0.00,meteohub,
2010-07-23,12:13:00,77.9,63.0,30.12,ENE,68,3.0,7.0,60,0.00,,,0.00,meteohub,
2010-07-23,12:28:00,77.2,60.8,30.12,East,90,2.0,8.0,57,0.00,,,0.00,meteohub,
2010-07-23,12:34:00,76.3,61.3,30.12,ESE,112,3.0,8.0,60,0.00,,,0.00,meteohub,
2010-07-23,12:39:00,76.1,62.1,30.12,SE,135,9.0,9.0,62,0.00,,,0.00,meteohub,
2010-07-23,12:44:00,75.9,61.9,30.12,ESE,112,1.0,9.0,62,0.00,,,0.00,meteohub,
2010-07-23,12:49:00,75.7,62.2,30.12,East,90,4.0,9.0,63,0.00,,,0.00,meteohub,
2010-07-23,12:54:00,74.5,61.0,30.12,SE,135,3.0,9.0,63,0.00,,,0.00,meteohub,
2010-07-23,13:07:00,72.3,60.8,30.12,ESE,112,3.0,6.0,67,0.00,,,0.00,meteohub,
2010-07-23,13:12:00,71.8,60.3,30.12,East,90,4.0,5.0,67,0.00,,,0.00,meteohub,
2010-07-23,13:30:00,70.0,60.6,30.12,ESE,112,4.0,6.0,72,0.00,,,0.00,meteohub,
2010-07-23,13:35:00,69.8,60.8,30.12,NE,45,2.0,6.0,73,0.00,,,0.00,meteohub,
2010-07-23,13:42:00,69.1,60.8,30.12,WSW,248,3.0,5.0,75,0.00,,,0.00,meteohub,
2010-07-23,13:50:00,68.7,61.2,30.12,NNE,22,4.0,4.0,77,0.00,,,0.00,meteohub,
2010-07-23,13:55:00,68.5,61.0,30.12,ENE,68,3.0,4.0,77,0.00,,,0.00,meteohub,
2010-07-23,14:10:00,68.2,61.0,30.12,East,90,3.0,5.0,78,0.00,,,0.00,meteohub,
2010-07-23,14:25:00,67.6,61.3,30.14,ESE,112,3.0,5.0,80,0.00,,,0.00,meteohub,
2010-07-23,14:37:00,67.3,61.3,30.14,SE,135,2.0,6.0,81,0.00,,,0.00,meteohub,
2010-07-23,15:03:00,66.9,61.5,30.12,SE,135,4.0,9.0,83,0.00,,,0.00,meteohub,
2010-07-23,15:08:00,66.9,61.5,30.12,SE,135,3.0,7.0,83,0.00,,,0.00,meteohub,
2010-07-23,15:13:00,66.7,61.7,30.12,ENE,68,2.0,7.0,84,0.00,,,0.00,meteohub,
2010-07-23,15:19:00,66.7,62.1,30.12,NE,45,3.0,7.0,85,0.00,,,0.00,meteohub,
2010-07-23,15:34:00,66.2,61.9,30.12,SSE,158,3.0,8.0,86,0.00,,,0.00,meteohub,
2010-07-23,15:39:00,66.2,62.2,30.12,ESE,112,3.0,8.0,87,0.00,,,0.00,meteohub,
2010-07-23,15:55:00,65.7,62.2,30.12,SSE,158,2.0,8.0,89,0.00,,,0.00,meteohub,
2010-07-23,16:05:00,65.7,62.2,30.12,NE,45,3.0,6.0,89,0.00,,,0.00,meteohub,
2010-07-23,16:15:00,65.3,62.6,30.12,ESE,112,3.0,6.0,91,0.00,,,0.00,meteohub,
2010-07-23,16:22:00,65.3,62.6,30.12,SE,135,9.0,9.0,91,0.00,,,0.00,meteohub,
2010-07-23,16:56:00,65.7,62.6,30.09,ENE,68,3.0,7.0,90,0.00,,,0.00,meteohub,
2010-07-23,17:02:00,65.7,62.2,30.12,NE,45,4.0,6.0,89,0.00,,,0.00,meteohub,
2010-07-23,17:12:00,65.7,61.7,30.09,SSE,158,2.0,8.0,87,0.00,,,0.00,meteohub,
2010-07-23,17:18:00,65.7,61.7,30.09,SE,135,3.0,8.0,87,0.00,,,0.00,meteohub,
2010-07-23,17:23:00,65.8,61.9,30.09,ENE,68,4.0,6.0,87,0.00,,,0.00,meteohub,
2010-07-23,17:28:00,65.8,61.9,30.09,SSE,158,2.0,6.0,87,0.00,,,0.00,meteohub,
2010-07-23,17:33:00,65.7,61.7,30.09,ESE,112,1.0,6.0,87,0.00,,,0.00,meteohub,
2010-07-23,17:38:00,65.5,61.9,30.09,SSE,158,2.0,5.0,88,0.00,,,0.00,meteohub,
2010-07-23,17:52:00,65.1,61.5,30.09,ENE,68,0.0,6.0,88,0.00,,,0.00,meteohub,
2010-07-23,17:57:00,65.1,61.5,30.09,SE,135,0.0,5.0,88,0.00,,,0.00,meteohub,
2010-07-23,18:15:00,64.6,61.9,30.09,East,90,1.0,4.0,91,0.00,,,0.00,meteohub,
2010-07-23,18:29:00,64.6,61.9,30.09,ENE,68,3.0,5.0,91,0.00,,,0.00,meteohub,
2010-07-23,18:41:00,64.4,61.7,30.09,ESE,112,2.0,5.0,91,0.00,,,0.00,meteohub,
2010-07-23,18:46:00,64.4,61.7,30.09,East,90,3.0,5.0,91,0.00,,,0.00,meteohub,
2010-07-23,18:51:00,64.4,61.7,30.09,ENE,68,0.0,4.0,91,0.00,,,0.00,meteohub,
2010-07-23,18:57:00,64.4,62.1,30.09,ENE,68,0.0,4.0,92,0.00,,,0.00,meteohub,
2010-07-23,19:07:00,64.2,61.9,30.09,ENE,68,4.0,5.0,92,0.00,,,0.00,meteohub,
2010-07-23,19:13:00,64.0,62.1,30.06,SE,135,3.0,5.0,93,0.00,,,0.00,meteohub,
2010-07-23,19:18:00,64.0,62.1,30.06,ENE,68,3.0,4.0,93,0.00,,,0.00,meteohub,
2010-07-23,19:23:00,63.9,61.9,30.06,ENE,68,2.0,4.0,93,0.00,,,0.00,meteohub,
2010-07-23,19:29:00,63.7,61.9,30.03,ESE,112,2.0,4.0,94,0.00,,,0.00,meteohub,
2010-07-23,19:35:00,63.7,61.9,30.03,NE,45,2.0,4.0,94,0.00,,,0.00,meteohub,
2010-07-23,19:40:00,63.5,61.7,30.03,ENE,68,1.0,4.0,94,0.00,,,0.00,meteohub,
2010-07-23,19:45:00,63.5,62.1,30.06,ENE,68,2.0,4.0,95,0.00,,,0.00,meteohub,
2010-07-23,19:50:00,63.3,61.9,30.06,ESE,112,4.0,4.0,95,0.00,,,0.00,meteohub,
2010-07-23,19:55:00,63.3,61.9,30.06,NE,45,0.0,4.0,95,0.00,,,0.00,meteohub,
2010-07-23,20:01:00,63.1,61.7,30.06,ESE,112,2.0,4.0,95,0.00,,,0.00,meteohub,
2010-07-23,20:06:00,63.1,62.1,30.06,ENE,68,0.0,4.0,96,0.00,,,0.00,meteohub,
2010-07-23,20:11:00,63.1,62.1,30.06,ESE,112,3.0,4.0,96,0.00,,,0.00,meteohub,
2010-07-23,20:27:00,63.0,61.9,30.06,East,90,1.0,4.0,96,0.00,,,0.00,meteohub,
2010-07-23,20:37:00,62.8,61.9,30.06,ENE,68,1.0,4.0,97,0.04,,,0.04,meteohub,
2010-07-23,20:42:00,62.6,61.7,30.06,ESE,112,2.0,4.0,97,0.04,,,0.04,meteohub,
2010-07-23,20:57:00,62.6,61.7,30.03,SE,135,0.0,6.0,97,0.04,,,0.04,meteohub,
2010-07-23,21:03:00,62.4,61.9,30.03,SE,135,2.0,6.0,98,0.04,,,0.04,meteohub,
2010-07-23,21:08:00,62.2,61.7,30.03,NE,45,1.0,5.0,98,0.04,,,0.04,meteohub,
2010-07-23,21:18:00,62.2,61.7,30.03,WNW,292,3.0,5.0,98,0.04,,,0.04,meteohub,
2010-07-23,21:23:00,62.2,61.7,30.03,ESE,112,1.0,4.0,98,0.08,,,0.08,meteohub,
2010-07-23,21:34:00,62.2,61.7,30.00,East,90,2.0,4.0,98,0.08,,,0.08,meteohub,
2010-07-23,21:44:00,62.1,61.5,30.00,NE,45,0.0,4.0,98,0.04,,,0.08,meteohub,
2010-07-23,22:00:00,61.9,61.3,30.00,NNW,338,1.0,4.0,98,0.04,,,0.08,meteohub,
2010-07-23,22:10:00,61.7,61.2,30.00,NNE,22,2.0,4.0,98,0.08,,,0.12,meteohub,
2010-07-23,22:21:00,61.7,61.2,30.00,WNW,292,0.0,4.0,98,0.04,,,0.12,meteohub,
2010-07-23,22:26:00,61.7,61.2,30.00,ESE,112,2.0,6.0,98,0.04,,,0.12,meteohub,
2010-07-23,22:36:00,61.5,61.0,30.03,NE,45,2.0,6.0,98,0.04,,,0.12,meteohub,
2010-07-23,22:46:00,61.5,61.0,30.00,NW,315,0.0,4.0,98,0.04,,,0.12,meteohub,
2010-07-23,22:52:00,61.5,61.0,30.00,NNW,338,2.0,4.0,98,0.04,,,0.12,meteohub,
2010-07-23,22:57:00,61.5,61.0,30.00,South,180,2.0,4.0,98,0.04,,,0.12,meteohub,
2010-07-23,23:02:00,61.5,61.0,30.00,WSW,248,1.0,4.0,98,0.00,,,0.12,meteohub,
2010-07-23,23:07:00,61.5,61.0,30.00,East,90,0.0,4.0,98,0.00,,,0.12,meteohub,
2010-07-23,23:17:00,61.3,60.8,29.97,North,0,2.0,4.0,98,0.00,,,0.12,meteohub,
2010-07-23,23:37:00,61.2,60.6,29.97,ESE,112,0.0,4.0,98,0.04,,,0.16,meteohub,
2010-07-23,23:42:00,61.2,60.6,29.97,SSW,202,1.0,4.0,98,0.04,,,0.16,meteohub,
2010-07-23,23:52:00,61.0,60.4,29.97,NE,45,2.0,6.0,98,0.08,,,0.20,meteohub,
2010-07-23,23:57:00,60.8,60.3,29.97,ESE,112,2.0,6.0,98,0.12,,,0.24,meteohub,
2010-07-24,00:01:00,60.8,60.3,29.94,NNE,22,0.0,6.0,98,0.12,,,0.24,meteohub,
2010-07-24,00:02:00,60.8,60.3,29.94,ESE,112,0.0,6.0,98,0.12,,,0.24,meteohub,
2010-07-24,00:07:00,60.6,60.1,29.94,NNW,338,3.0,6.0,98,0.12,,,0.24,meteohub,
2010-07-24,00:12:00,60.6,60.1,29.94,ESE,112,2.0,4.0,98,0.12,,,0.24,meteohub,
2010-07-24,00:17:00,60.4,59.9,29.94,NNW,338,2.0,4.0,98,0.17,,,0.29,meteohub,
2010-07-24,00:22:00,60.4,59.9,29.94,ENE,68,3.0,5.0,98,0.13,,,0.29,meteohub,
2010-07-24,00:32:00,60.4,59.9,29.94,SE,135,3.0,6.0,98,0.13,,,0.29,meteohub,
2010-07-24,00:37:00,60.3,59.7,29.94,ENE,68,3.0,6.0,98,0.13,,,0.29,meteohub,
2010-07-24,00:42:00,60.3,59.7,29.94,NNE,22,0.0,6.0,98,0.13,,,0.29,meteohub,
2010-07-24,00:47:00,60.1,59.5,29.91,East,90,4.0,6.0,98,0.13,,,0.33,meteohub,
2010-07-24,00:57:00,60.1,59.5,29.94,ESE,112,2.0,6.0,98,0.09,,,0.33,meteohub,
2010-07-24,01:03:00,60.1,59.5,29.94,ESE,112,2.0,6.0,98,0.09,,,0.33,meteohub,
2010-07-24,01:08:00,59.9,59.4,29.94,SSE,158,3.0,5.0,98,0.13,,,0.37,meteohub,
2010-07-24,01:13:00,59.9,59.4,29.91,WNW,292,0.0,6.0,98,0.08,,,0.37,meteohub,
2010-07-24,01:18:00,59.9,59.4,29.91,NW,315,2.0,6.0,98,0.08,,,0.37,meteohub,
2010-07-24,01:23:00,59.9,59.4,29.91,SSE,158,1.0,6.0,98,0.12,,,0.41,meteohub,
2010-07-24,01:28:00,59.9,59.4,29.91,NE,45,1.0,7.0,98,0.12,,,0.41,meteohub,
2010-07-24,01:39:00,59.9,59.4,29.91,WNW,292,0.0,7.0,98,0.16,,,0.45,meteohub,
2010-07-24,01:44:00,59.9,59.4,29.94,ESE,112,1.0,5.0,98,0.12,,,0.45,meteohub,
2010-07-24,01:49:00,59.9,59.4,29.94,WSW,248,0.0,7.0,98,0.16,,,0.49,meteohub,
2010-07-24,02:00:00,59.9,59.4,29.88,WNW,292,1.0,7.0,98,0.21,,,0.54,meteohub,
2010-07-24,02:10:00,59.9,59.4,29.88,ESE,112,2.0,7.0,98,0.20,,,0.57,meteohub,
2010-07-24,02:15:00,59.9,59.4,29.88,ESE,112,3.0,7.0,98,0.16,,,0.57,meteohub,
2010-07-24,02:31:00,59.9,59.4,29.88,NW,315,1.0,6.0,98,0.21,,,0.62,meteohub,
2010-07-24,02:36:00,59.9,59.4,29.88,East,90,1.0,7.0,98,0.17,,,0.62,meteohub,
2010-07-24,02:46:00,59.9,59.4,29.88,ENE,68,2.0,8.0,98,0.17,,,0.66,meteohub,
2010-07-24,02:52:00,59.7,59.2,29.88,NE,45,4.0,8.0,98,0.16,,,0.70,meteohub,
2010-07-24,03:02:00,59.7,59.2,29.85,NW,315,4.0,8.0,98,0.24,,,0.78,meteohub,
2010-07-24,03:07:00,59.7,59.2,29.85,NNE,22,3.0,8.0,98,0.30,,,0.83,meteohub,
2010-07-24,03:12:00,59.7,59.2,29.85,ESE,112,1.0,6.0,98,0.30,,,0.87,meteohub,
2010-07-24,03:22:00,59.5,59.0,29.85,ESE,112,3.0,7.0,98,0.37,,,0.99,meteohub,
2010-07-24,03:27:00,59.5,59.0,29.85,SSE,158,4.0,7.0,98,0.41,,,1.03,meteohub,
2010-07-24,03:32:00,59.5,59.0,29.82,NW,315,2.0,7.0,98,0.41,,,1.03,meteohub,
2010-07-24,03:37:00,59.5,59.0,29.82,SE,135,1.0,6.0,98,0.41,,,1.03,meteohub,
2010-07-24,03:42:00,59.5,59.0,29.82,ESE,112,3.0,6.0,98,0.37,,,1.03,meteohub,
2010-07-24,03:47:00,59.5,59.0,29.82,SSW,202,2.0,6.0,98,0.45,,,1.11,meteohub,
2010-07-24,03:52:00,59.5,59.0,29.82,NNW,338,3.0,6.0,98,0.41,,,1.11,meteohub,
2010-07-24,03:57:00,59.5,59.0,29.82,SSE,158,3.0,6.0,98,0.41,,,1.11,meteohub,
2010-07-24,04:02:00,59.5,59.0,29.82,NE,45,1.0,6.0,98,0.28,,,1.11,meteohub,
2010-07-24,04:07:00,59.5,59.0,29.82,SSW,202,1.0,6.0,98,0.29,,,1.16,meteohub,
2010-07-24,04:12:00,59.5,59.0,29.82,NNW,338,1.0,6.0,98,0.25,,,1.16,meteohub,
2010-07-24,04:17:00,59.5,59.0,29.85,South,180,2.0,6.0,98,0.21,,,1.16,meteohub,
2010-07-24,04:22:00,59.5,59.0,29.85,SSE,158,1.0,6.0,98,0.17,,,1.16,meteohub,
2010-07-24,04:32:00,59.5,59.0,29.82,ESE,112,1.0,6.0,98,0.17,,,1.20,meteohub,
2010-07-24,04:37:00,59.5,59.0,29.82,SSE,158,1.0,6.0,98,0.17,,,1.20,meteohub,
2010-07-24,04:42:00,59.5,59.0,29.82,SW,225,1.0,6.0,98,0.17,,,1.20,meteohub,
2010-07-24,04:52:00,59.5,59.0,29.82,NW,315,2.0,6.0,98,0.13,,,1.24,meteohub,
2010-07-24,04:57:00,59.5,59.0,29.82,North,0,2.0,6.0,98,0.17,,,1.28,meteohub,
2010-07-24,05:03:00,59.4,58.8,29.82,North,0,4.0,6.0,98,0.17,,,1.28,meteohub,
2010-07-24,05:08:00,59.4,58.8,29.82,South,180,2.0,5.0,98,0.16,,,1.32,meteohub,
2010-07-24,05:13:00,59.4,58.8,29.82,NNW,338,2.0,6.0,98,0.16,,,1.32,meteohub,
2010-07-24,05:23:00,59.4,58.8,29.82,NNE,22,1.0,6.0,98,0.21,,,1.37,meteohub,
2010-07-24,05:29:00,59.5,59.0,29.79,East,90,0.0,4.0,98,0.25,,,1.41,meteohub,
2010-07-24,05:44:00,59.4,58.8,29.82,South,180,1.0,4.0,98,0.25,,,1.45,meteohub,
2010-07-24,05:49:00,59.4,58.8,29.82,SSW,202,0.0,5.0,98,0.25,,,1.45,meteohub,
2010-07-24,05:54:00,59.4,58.8,29.82,NNE,22,1.0,5.0,98,0.25,,,1.49,meteohub,
2010-07-24,06:00:00,59.4,58.8,29.79,ENE,68,2.0,5.0,98,0.21,,,1.49,meteohub,
2010-07-24,06:05:00,59.4,58.8,29.79,WSW,248,1.0,5.0,98,0.21,,,1.53,meteohub,
2010-07-24,06:10:00,59.4,58.8,29.79,WSW,248,2.0,7.0,98,0.21,,,1.53,meteohub,
2010-07-24,06:15:00,59.4,58.8,29.79,WSW,248,3.0,7.0,98,0.16,,,1.53,meteohub,
2010-07-24,06:20:00,59.4,58.8,29.79,North,0,3.0,4.0,98,0.20,,,1.57,meteohub,
2010-07-24,06:26:00,59.4,58.8,29.79,WSW,248,3.0,4.0,98,0.16,,,1.57,meteohub,
2010-07-24,06:31:00,59.4,58.8,29.79,WNW,292,3.0,4.0,98,0.20,,,1.61,meteohub,
2010-07-24,06:36:00,59.4,58.8,29.79,WNW,292,2.0,6.0,98,0.20,,,1.65,meteohub,
2010-07-24,06:47:00,59.4,58.8,29.79,WNW,292,0.0,6.0,98,0.25,,,1.70,meteohub,
2010-07-24,06:57:00,59.4,58.8,29.79,WNW,292,1.0,5.0,98,0.25,,,1.74,meteohub,
2010-07-24,07:02:00,59.4,58.8,29.79,WNW,292,5.0,8.0,98,0.29,,,1.78,meteohub,
2010-07-24,07:07:00,59.4,58.8,29.79,NNE,22,1.0,8.0,98,0.29,,,1.82,meteohub,
2010-07-24,07:12:00,59.5,59.0,29.79,WNW,292,2.0,8.0,98,0.29,,,1.82,meteohub,
2010-07-24,07:22:00,59.5,59.0,29.76,SE,135,3.0,4.0,98,0.34,,,1.91,meteohub,
2010-07-24,07:27:00,59.5,59.0,29.73,South,180,6.0,6.0,98,0.34,,,1.95,meteohub,
2010-07-24,07:38:00,59.5,59.0,29.73,WSW,248,2.0,6.0,98,0.34,,,1.99,meteohub,
2010-07-24,07:43:00,59.5,59.0,29.73,SSE,158,1.0,6.0,98,0.38,,,2.03,meteohub,
2010-07-24,07:48:00,59.5,59.0,29.73,ESE,112,1.0,6.0,98,0.33,,,2.03,meteohub,
2010-07-24,07:53:00,59.7,59.2,29.73,SSW,202,3.0,5.0,98,0.37,,,2.07,meteohub,
2010-07-24,07:59:00,59.7,59.2,29.76,South,180,1.0,8.0,98,0.37,,,2.11,meteohub,
2010-07-24,08:04:00,59.7,59.2,29.76,SE,135,2.0,8.0,98,0.33,,,2.11,meteohub,
2010-07-24,08:14:00,59.7,59.2,29.73,East,90,2.0,6.0,98,0.25,,,2.11,meteohub,
2010-07-24,08:25:00,59.9,59.4,29.73,South,180,1.0,6.0,98,0.24,,,2.15,meteohub,
2010-07-24,08:45:00,60.3,59.7,29.76,East,90,1.0,4.0,98,0.12,,,2.19,meteohub,
2010-07-24,08:50:00,60.4,59.9,29.76,SSW,202,5.0,7.0,98,0.12,,,2.19,meteohub,
2010-07-24,08:56:00,60.6,60.1,29.76,SW,225,2.0,7.0,98,0.08,,,2.19,meteohub,
2010-07-24,09:01:00,60.6,60.1,29.76,WNW,292,4.0,7.0,98,0.08,,,2.19,meteohub,
2010-07-24,09:16:00,61.0,60.4,29.76,SW,225,4.0,6.0,98,0.04,,,2.19,meteohub,
2010-07-24,09:27:00,61.3,60.8,29.76,SW,225,1.0,11.0,98,0.04,,,2.19,meteohub,
2010-07-24,09:32:00,61.5,61.0,29.76,WNW,292,4.0,11.0,98,0.00,,,2.19,meteohub,
2010-07-24,09:37:00,61.7,61.2,29.76,WSW,248,6.0,11.0,98,0.00,,,2.19,meteohub,
2010-07-24,09:42:00,61.7,61.2,29.76,SW,225,4.0,6.0,98,0.00,,,2.19,meteohub,
2010-07-24,09:47:00,61.7,61.2,29.79,SSW,202,1.0,6.0,98,0.00,,,2.19,meteohub,
2010-07-24,09:52:00,61.9,61.3,29.79,WSW,248,3.0,6.0,98,0.00,,,2.19,meteohub,
2010-07-24,09:58:00,61.9,61.3,29.76,South,180,4.0,6.0,98,0.00,,,2.19,meteohub,
2010-07-24,10:03:00,62.1,61.5,29.76,NW,315,4.0,6.0,98,0.00,,,2.19,meteohub,
2010-07-24,10:08:00,62.2,61.7,29.76,SSE,158,2.0,5.0,98,0.00,,,2.19,meteohub,
2010-07-24,10:13:00,62.8,62.2,29.79,West,270,1.0,5.0,98,0.00,,,2.19,meteohub,
2010-07-24,10:18:00,62.8,62.2,29.79,WSW,248,2.0,7.0,98,0.00,,,2.19,meteohub,
2010-07-24,10:29:00,63.0,62.4,29.79,WSW,248,3.0,7.0,98,0.00,,,2.19,meteohub,
2010-07-24,10:34:00,63.3,62.8,29.79,NNE,22,3.0,7.0,98,0.00,,,2.19,meteohub,
2010-07-24,10:44:00,64.2,63.7,29.82,WNW,292,3.0,9.0,98,0.05,,,2.24,meteohub,
2010-07-24,10:55:00,64.6,64.0,29.82,WSW,248,2.0,6.0,98,0.05,,,2.24,meteohub,
2010-07-24,11:00:00,65.1,64.6,29.79,West,270,5.0,6.0,98,0.05,,,2.24,meteohub,
2010-07-24,11:05:00,65.7,65.1,29.79,WNW,292,3.0,8.0,98,0.05,,,2.24,meteohub,
2010-07-24,11:10:00,66.4,65.5,29.79,West,270,3.0,8.0,97,0.05,,,2.24,meteohub,
2010-07-24,11:16:00,66.6,65.1,29.82,North,0,4.0,7.0,95,0.05,,,2.24,meteohub,
2010-07-24,11:21:00,67.5,65.7,29.82,NE,45,4.0,7.0,94,0.05,,,2.24,meteohub,
2010-07-24,11:26:00,68.0,64.6,29.82,WNW,292,3.0,7.0,89,0.05,,,2.24,meteohub,
2010-07-24,11:31:00,68.7,64.8,29.79,SE,135,3.0,7.0,87,0.05,,,2.24,meteohub,
2010-07-24,11:36:00,69.4,64.8,29.79,North,0,2.0,7.0,85,0.05,,,2.24,meteohub,
2010-07-24,11:47:00,70.9,65.1,29.79,ENE,68,4.0,9.0,82,0.00,,,2.24,meteohub,
2010-07-24,11:52:00,71.6,64.0,29.79,SSE,158,2.0,9.0,77,0.00,,,2.24,meteohub,
2010-07-24,11:57:00,72.3,65.8,29.79,SSE,158,3.0,8.0,80,0.00,,,2.24,meteohub,
2010-07-24,12:07:00,72.7,64.8,29.82,NE,45,4.0,8.0,76,0.00,,,2.24,meteohub,
2010-07-24,12:12:00,71.6,63.3,29.82,WNW,292,2.0,7.0,75,0.00,,,2.24,meteohub,
2010-07-24,12:22:00,69.6,62.8,29.82,WSW,248,1.0,6.0,79,0.00,,,2.24,meteohub,
2010-07-24,12:27:00,68.2,60.3,29.82,WNW,292,2.0,5.0,76,0.00,,,2.24,meteohub,
2010-07-24,12:32:00,67.5,60.8,29.82,West,270,7.0,7.0,79,0.00,,,2.24,meteohub,
2010-07-24,12:37:00,67.1,61.2,29.82,WSW,248,3.0,7.0,81,0.00,,,2.24,meteohub,
2010-07-24,12:42:00,66.7,61.2,29.82,West,270,3.0,7.0,82,0.00,,,2.24,meteohub,
2010-07-24,12:43:00,66.6,60.6,29.82,WNW,292,1.0,7.0,81,0.00,,,2.24,meteohub,
2010-07-24,12:47:00,66.6,61.0,29.82,NE,45,2.0,9.0,82,0.00,,,2.24,meteohub,
2010-07-24,12:52:00,66.6,61.5,29.82,NE,45,1.0,9.0,84,0.00,,,2.24,meteohub,
2010-07-24,12:57:00,66.6,61.2,29.82,WSW,248,1.0,9.0,83,0.00,,,2.24,meteohub,
2010-07-24,13:02:00,67.1,62.1,29.82,WSW,248,3.0,8.0,84,0.00,,,2.24,meteohub,
2010-07-24,13:07:00,67.3,61.9,29.82,NNW,338,2.0,8.0,83,0.00,,,2.24,meteohub,
2010-07-24,13:13:00,67.1,61.2,29.85,WNW,292,2.0,5.0,81,0.00,,,2.24,meteohub,
2010-07-24,13:18:00,67.1,61.2,29.85,SSE,158,0.0,5.0,81,0.00,,,2.24,meteohub,
2010-07-24,13:23:00,67.1,61.3,29.85,West,270,3.0,5.0,82,0.00,,,2.24,meteohub,
2010-07-24,13:28:00,67.3,61.5,29.85,WSW,248,2.0,5.0,82,0.00,,,2.24,meteohub,
2010-07-24,13:33:00,67.3,61.0,29.85,NW,315,4.0,6.0,80,0.00,,,2.24,meteohub,
2010-07-24,13:39:00,67.1,60.4,29.85,SW,225,2.0,6.0,79,0.00,,,2.24,meteohub,
2010-07-24,13:44:00,67.3,61.3,29.85,West,270,3.0,6.0,81,0.00,,,2.24,meteohub,
2010-07-24,13:49:00,67.1,60.8,29.85,WSW,248,1.0,6.0,80,0.00,,,2.24,meteohub,
2010-07-24,13:59:00,67.5,61.3,29.85,WSW,248,2.0,4.0,81,0.00,,,2.24,meteohub,
2010-07-24,14:05:00,67.5,61.3,29.85,WNW,292,1.0,4.0,81,0.00,,,2.24,meteohub,
2010-07-24,14:10:00,67.6,61.5,29.85,WNW,292,1.0,4.0,81,0.00,,,2.24,meteohub,
2010-07-24,14:15:00,67.6,61.3,29.85,WSW,248,1.0,4.0,80,0.00,,,2.24,meteohub,
2010-07-24,14:25:00,68.0,61.5,29.85,SSW,202,2.0,6.0,80,0.00,,,2.24,meteohub,
2010-07-24,14:31:00,68.0,60.8,29.85,WSW,248,2.0,6.0,78,0.00,,,2.24,meteohub,
2010-07-24,14:36:00,68.4,61.5,29.85,SSE,158,2.0,6.0,79,0.00,,,2.24,meteohub,
2010-07-24,14:41:00,68.7,61.5,29.85,WSW,248,1.0,6.0,78,0.00,,,2.24,meteohub,
2010-07-24,14:57:00,71.8,60.6,29.85,WNW,292,3.0,9.0,68,0.00,,,2.24,meteohub,
2010-07-24,15:07:00,73.2,61.2,29.85,North,0,3.0,9.0,66,0.00,,,2.24,meteohub,
2010-07-24,15:12:00,73.8,59.9,29.85,WNW,292,3.0,5.0,62,0.00,,,2.24,meteohub,
2010-07-24,15:27:00,73.4,58.3,29.85,SSW,202,3.0,7.0,59,0.00,,,2.24,meteohub,
2010-07-24,15:32:00,72.9,58.6,29.85,NW,315,2.0,9.0,61,0.00,,,2.24,meteohub,
2010-07-24,15:37:00,73.0,59.2,29.85,West,270,2.0,9.0,62,0.00,,,2.24,meteohub,
2010-07-24,15:42:00,73.0,59.2,29.85,WSW,248,0.0,9.0,62,0.00,,,2.24,meteohub,
2010-07-24,15:47:00,73.8,59.5,29.88,NE,45,4.0,6.0,61,0.00,,,2.24,meteohub,
2010-07-24,15:52:00,73.0,59.2,29.88,NW,315,4.0,6.0,62,0.00,,,2.24,meteohub,
2010-07-24,15:57:00,72.3,58.6,29.88,NNE,22,3.0,4.0,62,0.00,,,2.24,meteohub,
2010-07-24,16:03:00,71.8,57.6,29.88,NNW,338,1.0,4.0,61,0.00,,,2.24,meteohub,
2010-07-24,16:08:00,71.6,58.3,29.88,WNW,292,2.0,6.0,63,0.00,,,2.24,meteohub,
2010-07-24,16:13:00,71.8,59.0,29.88,WSW,248,2.0,6.0,64,0.00,,,2.24,meteohub,
2010-07-24,16:23:00,72.1,58.8,29.88,West,270,4.0,4.0,63,0.00,,,2.24,meteohub,
2010-07-24,16:29:00,72.7,59.7,29.88,SSW,202,2.0,5.0,64,0.00,,,2.24,meteohub,
2010-07-24,16:44:00,73.4,58.6,29.88,ESE,112,3.0,6.0,60,0.00,,,2.24,meteohub,
2010-07-24,16:49:00,73.0,57.9,29.88,SSE,158,4.0,6.0,59,0.00,,,2.24,meteohub,
2010-07-24,16:55:00,72.9,58.6,29.88,SSE,158,2.0,5.0,61,0.00,,,2.24,meteohub,
2010-07-24,17:10:00,72.1,57.9,29.85,South,180,1.0,6.0,61,0.00,,,2.24,meteohub,
2010-07-24,17:26:00,72.9,59.9,29.85,WNW,292,3.0,4.0,64,0.00,,,2.24,meteohub,
2010-07-24,17:31:00,72.5,58.8,29.88,West,270,3.0,3.0,62,0.00,,,2.24,meteohub,
2010-07-24,17:36:00,72.0,58.6,29.88,ESE,112,3.0,4.0,63,0.00,,,2.24,meteohub,
2010-07-24,17:47:00,71.4,58.6,29.88,East,90,3.0,4.0,64,0.00,,,2.24,meteohub,
2010-07-24,17:54:00,71.2,57.9,29.88,NNE,22,0.0,4.0,63,0.00,,,2.24,meteohub,
2010-07-24,17:59:00,71.2,58.5,29.88,NE,45,0.0,4.0,64,0.00,,,2.24,meteohub,
2010-07-24,18:04:00,71.6,59.7,29.88,ENE,68,0.0,3.0,66,0.00,,,2.24,meteohub,
2010-07-24,18:10:00,71.6,59.7,29.88,North,0,2.0,2.0,66,0.00,,,2.24,meteohub,
2010-07-24,18:15:00,71.8,59.4,29.88,WSW,248,2.0,2.0,65,0.00,,,2.24,meteohub,
2010-07-24,18:25:00,72.0,59.5,29.88,NW,315,0.0,3.0,65,0.00,,,2.24,meteohub,
2010-07-24,18:36:00,71.8,59.9,29.88,NW,315,0.0,2.0,66,0.00,,,2.24,meteohub,
2010-07-24,18:46:00,71.4,59.5,29.88,SE,135,0.0,1.0,66,0.00,,,2.24,meteohub,
2010-07-24,18:51:00,71.1,59.9,29.88,SSE,158,0.0,1.0,68,0.00,,,2.24,meteohub,
2010-07-24,19:02:00,70.3,60.1,29.88,East,90,0.0,0.0,70,0.00,,,2.24,meteohub,
2010-07-24,19:12:00,69.8,59.9,29.88,ENE,68,0.0,0.0,71,0.00,,,2.24,meteohub,
2010-07-24,19:22:00,69.4,60.4,29.88,ENE,68,0.0,0.0,73,0.00,,,2.24,meteohub,
2010-07-24,19:27:00,69.1,60.1,29.88,ENE,68,0.0,0.0,73,0.00,,,2.24,meteohub,
2010-07-24,19:32:00,68.7,60.4,29.88,ENE,68,0.0,0.0,75,0.00,,,2.24,meteohub,
2010-07-24,19:37:00,68.5,60.3,29.88,ENE,68,0.0,0.0,75,0.00,,,2.24,meteohub,
2010-07-24,19:42:00,68.4,60.4,29.88,ENE,68,0.0,0.0,76,0.00,,,2.24,meteohub,
2010-07-24,19:47:00,68.2,60.3,29.88,ENE,68,1.0,0.0,76,0.00,,,2.24,meteohub,
2010-07-24,19:52:00,68.0,60.4,29.88,ESE,112,0.0,2.0,77,0.00,,,2.24,meteohub,
2010-07-24,19:57:00,67.8,60.8,29.88,ENE,68,0.0,2.0,78,0.00,,,2.24,meteohub,
2010-07-24,20:02:00,67.8,60.8,29.88,ENE,68,2.0,2.0,78,0.00,,,2.24,meteohub,
2010-07-24,20:07:00,67.3,61.0,29.88,West,270,0.0,2.0,80,0.00,,,0.00,meteohub,
2010-07-24,20:12:00,66.9,61.0,29.88,West,270,0.0,2.0,81,0.00,,,0.00,meteohub,
2010-07-24,20:17:00,66.9,61.0,29.88,West,270,0.0,2.0,81,0.00,,,0.00,meteohub,
2010-07-24,20:27:00,66.4,60.8,29.88,West,270,0.0,0.0,82,0.00,,,0.00,meteohub,
2010-07-24,20:32:00,66.2,60.6,29.91,West,270,0.0,0.0,82,0.00,,,0.00,meteohub,
2010-07-24,20:37:00,66.2,60.6,29.91,West,270,0.0,0.0,82,0.00,,,0.00,meteohub,
2010-07-24,20:42:00,66.2,61.2,29.91,West,270,0.0,0.0,84,0.00,,,0.00,meteohub,
2010-07-24,20:57:00,66.0,61.7,29.91,NNW,338,0.0,0.0,86,0.00,,,0.00,meteohub,
2010-07-24,21:02:00,66.0,62.1,29.91,NNW,338,0.0,0.0,87,0.00,,,0.00,meteohub,
2010-07-24,21:08:00,65.8,61.5,29.91,NNW,338,0.0,0.0,86,0.00,,,0.00,meteohub,
2010-07-24,21:13:00,65.8,61.5,29.88,NNE,22,0.0,0.0,86,0.00,,,0.00,meteohub,
2010-07-24,21:18:00,65.5,61.5,29.88,NNE,22,0.0,0.0,87,0.00,,,0.00,meteohub,
2010-07-24,21:23:00,65.3,61.3,29.88,NNE,22,0.0,0.0,87,0.00,,,0.00,meteohub,
2010-07-24,21:34:00,65.1,61.5,29.91,NNE,22,0.0,0.0,88,0.00,,,0.00,meteohub,
2010-07-24,21:44:00,64.9,61.7,29.91,NNE,22,0.0,0.0,89,0.00,,,0.00,meteohub,
2010-07-24,21:49:00,64.9,61.7,29.91,NNE,22,0.0,0.0,89,0.00,,,0.00,meteohub,
2010-07-24,21:54:00,64.9,61.9,29.91,NNE,22,0.0,0.0,90,0.00,,,0.00,meteohub,
2010-07-24,22:00:00,64.9,61.9,29.91,NNE,22,0.0,0.0,90,0.00,,,0.00,meteohub,
2010-07-24,22:05:00,64.8,61.7,29.91,NNE,22,0.0,0.0,90,0.00,,,0.00,meteohub,
2010-07-24,22:10:00,64.6,61.5,29.91,NNE,22,0.0,0.0,90,0.00,,,0.00,meteohub,
2010-07-24,22:15:00,64.4,61.3,29.91,NE,45,0.0,0.0,90,0.00,,,0.00,meteohub,
2010-07-24,22:20:00,64.6,61.9,29.91,NE,45,0.0,0.0,91,0.00,,,0.00,meteohub,
2010-07-24,22:26:00,64.6,61.9,29.91,ENE,68,0.0,0.0,91,0.00,,,0.00,meteohub,
2010-07-24,22:31:00,64.8,62.1,29.94,North,0,0.0,0.0,91,0.00,,,0.00,meteohub,
2010-07-24,22:36:00,64.8,62.1,29.94,NNE,22,0.0,0.0,91,0.00,,,0.00,meteohub,
2010-07-24,22:41:00,64.8,62.1,29.94,NE,45,0.0,2.0,91,0.00,,,0.00,meteohub,
2010-07-24,22:46:00,64.8,62.1,29.91,NE,45,0.0,2.0,91,0.00,,,0.00,meteohub,
2010-07-24,22:52:00,64.9,61.9,29.91,NNW,338,0.0,2.0,90,0.00,,,0.00,meteohub,
2010-07-24,22:57:00,64.8,61.7,29.91,North,0,0.0,2.0,90,0.00,,,0.00,meteohub,
2010-07-24,23:07:00,64.4,61.2,29.91,NNE,22,2.0,3.0,89,0.00,,,0.00,meteohub,
2010-07-24,23:12:00,64.4,61.2,29.91,SE,135,0.0,3.0,89,0.00,,,0.00,meteohub,
2010-07-24,23:17:00,64.4,60.8,29.91,ENE,68,1.0,2.0,88,0.00,,,0.00,meteohub,
2010-07-24,23:22:00,64.4,60.8,29.91,NE,45,2.0,2.0,88,0.00,,,0.00,meteohub,
2010-07-24,23:27:00,64.4,60.8,29.91,WNW,292,0.0,2.0,88,0.00,,,0.00,meteohub,
2010-07-25,00:00:00,64.6,60.3,29.91,North,0,1.0,2.0,86,0.00,,,0.00,meteohub,
2010-07-25,00:01:00,64.6,60.3,29.91,North,0,0.0,2.0,86,0.00,,,0.00,meteohub,
2010-07-25,00:02:00,64.6,60.3,29.91,NE,45,1.0,2.0,86,0.00,,,0.00,meteohub,
2010-07-25,00:07:00,64.6,60.3,29.91,ENE,68,0.0,3.0,86,0.00,,,0.00,meteohub,
2010-07-25,00:13:00,64.6,60.3,29.91,NNE,22,0.0,3.0,86,0.00,,,0.00,meteohub,
2010-07-25,00:18:00,64.6,60.3,29.91,East,90,1.0,3.0,86,0.00,,,0.00,meteohub,
2010-07-25,00:23:00,64.4,60.4,29.91,NNE,22,2.0,3.0,87,0.00,,,0.00,meteohub,
2010-07-25,00:29:00,64.4,60.4,29.91,NNE,22,2.0,3.0,87,0.00,,,0.00,meteohub,
2010-07-25,00:39:00,64.2,60.6,29.91,NW,315,1.0,3.0,88,0.00,,,0.00,meteohub,
2010-07-25,00:51:00,64.0,60.4,29.91,East,90,0.0,4.0,88,0.00,,,0.00,meteohub,
2010-07-25,00:56:00,64.0,60.8,29.91,NE,45,2.0,4.0,89,0.00,,,0.00,meteohub,
2010-07-25,01:01:00,63.9,60.6,29.85,WSW,248,1.0,4.0,89,0.00,,,0.00,meteohub,
2010-07-25,01:06:00,63.5,60.4,29.85,West,270,0.0,3.0,90,0.00,,,0.00,meteohub,
2010-07-25,01:12:00,63.3,60.6,29.85,West,270,0.0,3.0,91,0.00,,,0.00,meteohub,
2010-07-25,01:22:00,63.1,60.4,29.85,NE,45,0.0,1.0,91,0.00,,,0.00,meteohub,
2010-07-25,01:27:00,63.1,60.4,29.85,ENE,68,0.0,1.0,91,0.00,,,0.00,meteohub,
2010-07-25,01:32:00,63.0,60.6,29.88,ENE,68,2.0,2.0,92,0.00,,,0.00,meteohub,
2010-07-25,01:37:00,63.0,60.6,29.88,North,0,0.0,2.0,92,0.00,,,0.00,meteohub,
2010-07-25,01:42:00,63.0,60.6,29.88,ESE,112,0.0,2.0,92,0.00,,,0.00,meteohub,
2010-07-25,01:47:00,63.0,61.0,29.85,NNE,22,0.0,2.0,93,0.00,,,0.00,meteohub,
2010-07-25,01:52:00,63.0,61.0,29.85,North,0,0.0,2.0,93,0.00,,,0.00,meteohub,
2010-07-25,01:57:00,63.0,61.0,29.85,NNE,22,0.0,1.0,93,0.00,,,0.00,meteohub,
2010-07-25,02:02:00,63.0,61.0,29.85,NNE,22,0.0,0.0,93,0.00,,,0.00,meteohub,
2010-07-25,02:08:00,63.0,61.0,29.85,NE,45,0.0,0.0,93,0.00,,,0.00,meteohub,
2010-07-25,02:13:00,63.0,61.0,29.88,NW,315,0.0,1.0,93,0.00,,,0.00,meteohub,
2010-07-25,02:18:00,63.0,61.0,29.88,WNW,292,0.0,2.0,93,0.00,,,0.00,meteohub,
2010-07-25,02:23:00,63.0,61.2,29.88,West,270,0.0,2.0,94,0.00,,,0.00,meteohub,
2010-07-25,02:28:00,63.0,61.2,29.88,North,0,0.0,2.0,94,0.00,,,0.00,meteohub,
2010-07-25,02:39:00,63.0,61.2,29.88,WSW,248,1.0,2.0,94,0.00,,,0.00,meteohub,
2010-07-25,02:44:00,63.0,61.5,29.85,West,270,0.0,2.0,95,0.00,,,0.00,meteohub,
2010-07-25,02:49:00,63.0,61.5,29.85,East,90,0.0,2.0,95,0.00,,,0.00,meteohub,
2010-07-25,02:54:00,63.0,61.5,29.85,East,90,0.0,1.0,95,0.00,,,0.00,meteohub,
2010-07-25,03:04:00,63.0,61.5,29.88,North,0,0.0,1.0,95,0.00,,,0.00,meteohub,
2010-07-25,03:10:00,63.0,61.5,29.88,NW,315,0.0,0.0,95,0.00,,,0.00,meteohub,
2010-07-25,03:20:00,63.0,61.5,29.88,NW,315,0.0,0.0,95,0.00,,,0.00,meteohub,
2010-07-25,03:30:00,63.0,61.9,29.88,NW,315,0.0,0.0,96,0.00,,,0.00,meteohub,
2010-07-25,03:35:00,63.0,61.9,29.88,NW,315,0.0,0.0,96,0.00,,,0.00,meteohub,
2010-07-25,03:41:00,63.1,62.1,29.88,West,270,0.0,2.0,96,0.00,,,0.00,meteohub,
2010-07-25,03:46:00,63.1,62.1,29.88,West,270,0.0,2.0,96,0.00,,,0.00,meteohub,
2010-07-25,03:51:00,63.3,62.2,29.88,West,270,0.0,2.0,96,0.00,,,0.00,meteohub,
2010-07-25,03:56:00,63.3,62.2,29.88,West,270,0.0,2.0,96,0.00,,,0.00,meteohub,
2010-07-25,04:01:00,63.3,62.2,29.88,WSW,248,1.0,1.0,96,0.00,,,0.00,meteohub,
2010-07-25,04:07:00,63.3,62.2,29.88,West,270,2.0,3.0,96,0.00,,,0.00,meteohub,
2010-07-25,04:12:00,63.1,62.1,29.88,WSW,248,0.0,3.0,96,0.00,,,0.00,meteohub,
2010-07-25,04:17:00,63.0,61.9,29.88,West,270,0.0,3.0,96,0.00,,,0.00,meteohub,
2010-07-25,04:22:00,62.8,61.7,29.88,WSW,248,0.0,2.0,96,0.00,,,0.00,meteohub,
2010-07-25,04:27:00,62.6,61.5,29.88,WSW,248,0.0,1.0,96,0.00,,,0.00,meteohub,
2010-07-25,04:32:00,62.4,61.3,29.88,West,270,0.0,1.0,96,0.00,,,0.00,meteohub,
2010-07-25,04:37:00,62.4,61.3,29.88,West,270,3.0,3.0,96,0.00,,,0.00,meteohub,
2010-07-25,04:57:00,61.9,61.0,29.88,West,270,0.0,0.0,97,0.00,,,0.00,meteohub,
2010-07-25,05:02:00,61.9,61.0,29.91,West,270,0.0,2.0,97,0.00,,,0.00,meteohub,
2010-07-25,05:07:00,61.7,60.8,29.91,North,0,0.0,2.0,97,0.00,,,0.00,meteohub,
2010-07-25,05:12:00,61.5,60.6,29.91,ENE,68,0.0,2.0,97,0.00,,,0.00,meteohub,
2010-07-25,05:17:00,61.3,60.4,29.88,ENE,68,0.0,0.0,97,0.00,,,0.00,meteohub,
2010-07-25,05:27:00,61.0,60.1,29.88,ENE,68,0.0,0.0,97,0.00,,,0.00,meteohub,
2010-07-25,05:32:00,60.8,59.9,29.88,ENE,68,0.0,0.0,97,0.00,,,0.00,meteohub,
2010-07-25,05:42:00,60.4,59.5,29.88,ENE,68,0.0,0.0,97,0.00,,,0.00,meteohub,
2010-07-25,05:52:00,60.4,59.9,29.91,ENE,68,0.0,0.0,98,0.00,,,0.00,meteohub,
2010-07-25,05:57:00,60.4,59.9,29.91,ENE,68,0.0,0.0,98,0.00,,,0.00,meteohub,
2010-07-25,06:02:00,60.4,59.9,29.91,ENE,68,0.0,0.0,98,0.00,,,0.00,meteohub,
2010-07-25,06:07:00,60.4,59.9,29.91,ENE,68,0.0,0.0,98,0.00,,,0.00,meteohub,
2010-07-25,06:12:00,60.6,60.1,29.91,West,270,0.0,0.0,98,0.00,,,0.00,meteohub,
2010-07-25,06:17:00,60.6,60.1,29.91,West,270,0.0,0.0,98,0.00,,,0.00,meteohub,
2010-07-25,06:22:00,60.8,60.3,29.91,West,270,0.0,0.0,98,0.00,,,0.00,meteohub,
2010-07-25,06:27:00,61.0,60.4,29.91,West,270,0.0,0.0,98,0.00,,,0.00,meteohub,
2010-07-25,06:47:00,61.7,61.2,29.94,West,270,0.0,0.0,98,0.00,,,0.00,meteohub,
2010-07-25,07:02:00,64.0,63.0,29.94,West,270,0.0,0.0,96,0.00,,,0.00,meteohub,
2010-07-25,07:12:00,63.9,62.8,29.94,WNW,292,0.0,0.0,96,0.00,,,0.00,meteohub,
2010-07-25,07:23:00,64.6,63.5,29.94,WSW,248,0.0,3.0,96,0.00,,,0.00,meteohub,
2010-07-25,07:28:00,64.8,63.7,29.94,WSW,248,0.0,3.0,96,0.00,,,0.00,meteohub,
2010-07-25,07:34:00,65.5,63.7,29.94,WSW,248,2.0,3.0,94,0.00,,,0.00,meteohub,
2010-07-25,07:39:00,66.4,64.6,29.94,WSW,248,0.0,3.0,94,0.00,,,0.00,meteohub,
2010-07-25,07:47:00,68.5,66.2,29.94,West,270,2.0,3.0,92,0.00,,,0.00,meteohub,
2010-07-25,08:07:00,71.2,65.1,29.94,WSW,248,2.0,3.0,81,0.00,,,0.00,meteohub,
2010-07-25,08:12:00,71.1,63.9,29.94,West,270,0.0,3.0,78,0.00,,,0.00,meteohub,
2010-07-25,08:17:00,72.0,64.8,29.94,West,270,1.0,3.0,78,0.00,,,0.00,meteohub,
2010-07-25,08:23:00,72.3,64.4,29.94,SSE,158,1.0,3.0,76,0.00,,,0.00,meteohub,
2010-07-25,08:33:00,72.1,63.0,29.94,WSW,248,2.0,4.0,73,0.00,,,0.00,meteohub,
2010-07-25,08:43:00,72.7,62.4,29.94,WSW,248,3.0,4.0,70,0.00,,,0.00,meteohub,
2010-07-25,08:49:00,73.6,63.1,29.94,West,270,3.0,4.0,70,0.00,,,0.00,meteohub,
2010-07-25,08:54:00,74.1,63.3,29.94,WSW,248,1.0,4.0,69,0.00,,,0.00,meteohub,
2010-07-25,08:59:00,74.7,63.3,29.91,West,270,3.0,4.0,68,0.00,,,0.00,meteohub,
2010-07-25,09:04:00,73.9,62.2,29.91,ESE,112,2.0,4.0,67,0.00,,,0.00,meteohub,
2010-07-25,09:09:00,73.8,62.1,29.91,WSW,248,0.0,4.0,67,0.00,,,0.00,meteohub,
2010-07-25,09:15:00,73.9,61.0,29.94,WSW,248,3.0,4.0,64,0.00,,,0.00,meteohub,
2010-07-25,09:20:00,73.8,59.9,29.94,WSW,248,1.0,4.0,62,0.00,,,0.00,meteohub,
2010-07-25,09:25:00,75.7,60.8,29.94,WNW,292,3.0,4.0,60,0.00,,,0.00,meteohub,
2010-07-25,09:30:00,76.1,61.2,29.94,WNW,292,3.0,6.0,60,0.00,,,0.00,meteohub,
2010-07-25,09:51:00,77.5,60.6,29.91,West,270,5.0,6.0,56,0.00,,,0.00,meteohub,
2010-07-25,09:57:00,77.4,61.0,29.91,WSW,248,1.0,5.0,57,0.00,,,0.00,meteohub,
2010-07-25,10:05:00,79.0,61.9,29.94,WSW,248,3.0,5.0,56,0.00,,,0.00,meteohub,
2010-07-25,10:13:00,79.2,61.5,29.94,ESE,112,3.0,5.0,55,0.00,,,0.00,meteohub,
2010-07-25,10:38:00,81.5,62.2,29.94,WSW,248,1.0,4.0,52,0.00,,,0.00,meteohub,
2010-07-25,10:51:00,84.0,62.8,29.94,WSW,248,0.0,4.0,49,0.00,,,0.00,meteohub,
2010-07-25,10:56:00,84.4,62.6,29.94,WSW,248,3.0,4.0,48,0.00,,,0.00,meteohub,
2010-07-25,11:08:00,84.7,61.0,29.94,WSW,248,2.0,4.0,45,0.00,,,0.00,meteohub,
2010-07-25,11:26:00,84.9,61.2,29.94,SW,225,2.0,7.0,45,0.00,,,0.00,meteohub,
2010-07-25,11:36:00,86.2,61.7,29.94,SW,225,3.0,5.0,44,0.00,,,0.00,meteohub,
2010-07-25,12:12:00,86.0,58.8,29.91,WNW,292,2.0,5.0,40,0.00,,,0.00,meteohub,
2010-07-25,12:27:00,85.5,57.7,29.94,WSW,248,2.0,9.0,39,0.00,,,0.00,meteohub,
2010-07-25,12:32:00,85.3,57.6,29.94,WSW,248,6.0,7.0,39,0.00,,,0.00,meteohub,
2010-07-25,12:37:00,85.1,58.1,29.94,WSW,248,4.0,7.0,40,0.00,,,0.00,meteohub,
2010-07-25,12:42:00,85.1,58.1,29.94,WNW,292,0.0,7.0,40,0.00,,,0.00,meteohub,
2010-07-25,12:47:00,86.0,58.8,29.94,SW,225,2.0,7.0,40,0.00,,,0.00,meteohub,
2010-07-25,12:52:00,86.5,58.6,29.94,West,270,3.0,7.0,39,0.00,,,0.00,meteohub,
2010-07-25,13:00:00,86.7,58.8,29.94,West,270,1.0,6.0,39,0.00,,,0.00,meteohub,
2010-07-25,13:05:00,87.6,59.5,29.94,WSW,248,3.0,6.0,39,0.00,,,0.00,meteohub,
2010-07-25,13:10:00,87.6,59.5,29.94,WSW,248,2.0,6.0,39,0.00,,,0.00,meteohub,
2010-07-25,13:15:00,84.6,56.8,29.94,WSW,248,3.0,6.0,39,0.00,,,0.00,meteohub,
2010-07-25,13:20:00,86.0,58.8,29.94,WSW,248,0.0,6.0,40,0.00,,,0.00,meteohub,
2010-07-25,13:35:00,86.2,58.3,29.94,WNW,292,2.0,5.0,39,0.00,,,0.00,meteohub,
2010-07-25,13:40:00,85.5,57.0,29.94,NW,315,2.0,6.0,38,0.00,,,0.00,meteohub,
2010-07-25,13:45:00,87.1,59.2,29.94,West,270,4.0,6.0,39,0.00,,,0.00,meteohub,
2010-07-25,13:51:00,87.1,58.5,29.94,WSW,248,4.0,6.0,38,0.00,,,0.00,meteohub,
2010-07-25,14:01:00,87.4,59.4,29.94,WSW,248,7.0,8.0,39,0.00,,,0.00,meteohub,
2010-07-25,14:22:00,87.1,56.1,29.94,West,270,6.0,6.0,35,0.00,,,0.00,meteohub,
2010-07-25,14:27:00,86.0,55.9,29.94,West,270,2.0,6.0,36,0.00,,,0.00,meteohub,
2010-07-25,14:32:00,86.7,56.7,29.94,WSW,248,2.0,6.0,36,0.00,,,0.00,meteohub,
2010-07-25,14:37:00,88.3,57.9,29.94,WSW,248,2.0,6.0,36,0.00,,,0.00,meteohub,
2010-07-25,14:53:00,88.5,56.5,29.94,NE,45,1.0,6.0,34,0.00,,,0.00,meteohub,
2010-07-25,15:03:00,86.5,54.9,29.94,West,270,3.0,8.0,34,0.00,,,0.00,meteohub,
2010-07-25,15:08:00,87.1,56.1,29.94,West,270,2.0,8.0,35,0.00,,,0.00,meteohub,
2010-07-25,15:17:00,88.9,57.7,29.94,WNW,292,3.0,4.0,35,0.00,,,0.00,meteohub,
2010-07-25,15:30:00,88.7,56.7,29.94,SE,135,0.0,6.0,34,0.00,,,0.00,meteohub,
2010-07-25,15:35:00,88.2,56.3,29.94,WNW,292,1.0,6.0,34,0.00,,,0.00,meteohub,
2010-07-25,15:40:00,88.0,56.8,29.94,NW,315,2.0,5.0,35,0.00,,,0.00,meteohub,
2010-07-25,15:51:00,88.0,56.1,29.94,West,270,2.0,4.0,34,0.00,,,0.00,meteohub,
2010-07-25,15:56:00,88.0,56.8,29.94,West,270,0.0,4.0,35,0.00,,,0.00,meteohub,
2010-07-25,16:01:00,87.1,54.5,29.94,WNW,292,6.0,9.0,33,0.00,,,0.00,meteohub,
2010-07-25,16:06:00,85.5,53.1,29.94,West,270,3.0,9.0,33,0.00,,,0.00,meteohub,
2010-07-25,16:11:00,86.0,54.3,29.94,WNW,292,1.0,9.0,34,0.00,,,0.00,meteohub,
2010-07-25,16:17:00,84.7,53.2,29.94,WSW,248,4.0,6.0,34,0.00,,,0.00,meteohub,
2010-07-25,16:27:00,85.3,54.5,29.94,WNW,292,3.0,6.0,35,0.00,,,0.00,meteohub,
2010-07-25,16:37:00,85.1,55.2,29.94,WSW,248,1.0,4.0,36,0.00,,,0.00,meteohub,
2010-07-25,16:42:00,84.6,54.0,29.94,WSW,248,1.0,6.0,35,0.00,,,0.00,meteohub,
2010-07-25,16:47:00,84.2,53.6,29.94,West,270,2.0,6.0,35,0.00,,,0.00,meteohub,
2010-07-25,16:52:00,83.7,52.3,29.94,WSW,248,2.0,7.0,34,0.00,,,0.00,meteohub,
2010-07-25,16:57:00,83.5,53.8,29.94,WSW,248,1.0,7.0,36,0.00,,,0.00,meteohub,
2010-07-25,17:02:00,83.3,54.3,29.94,WNW,292,3.0,7.0,37,0.00,,,0.00,meteohub,
2010-07-25,17:07:00,83.1,53.4,29.94,West,270,0.0,5.0,36,0.00,,,0.00,meteohub,
2010-07-25,17:15:00,82.6,54.3,29.94,West,270,2.0,5.0,38,0.00,,,0.00,meteohub,
2010-07-25,17:30:00,82.2,54.9,29.94,WSW,248,2.0,6.0,39,0.00,,,0.00,meteohub,
2010-07-25,17:36:00,82.4,55.0,29.94,WSW,248,0.0,6.0,39,0.00,,,0.00,meteohub,
2010-07-25,17:47:00,81.5,55.6,29.94,West,270,0.0,3.0,41,0.00,,,0.00,meteohub,
2010-07-25,17:52:00,81.3,55.4,29.94,WNW,292,0.0,3.0,41,0.00,,,0.00,meteohub,
2010-07-25,18:07:00,81.0,55.8,29.94,WNW,292,3.0,3.0,42,0.00,,,0.00,meteohub,
2010-07-25,18:12:00,80.8,55.6,29.94,WNW,292,1.0,4.0,42,0.00,,,0.00,meteohub,
2010-07-25,18:18:00,80.6,56.1,29.94,WSW,248,2.0,4.0,43,0.00,,,0.00,meteohub,
2010-07-25,18:23:00,80.2,56.3,29.94,NNE,22,3.0,4.0,44,0.00,,,0.00,meteohub,
2010-07-25,18:28:00,80.1,56.1,29.94,West,270,0.0,3.0,44,0.00,,,0.00,meteohub,
2010-07-25,18:38:00,79.5,57.0,29.94,WNW,292,1.0,3.0,46,0.00,,,0.00,meteohub,
2010-07-25,18:44:00,79.3,56.8,29.94,NE,45,0.0,2.0,46,0.00,,,0.00,meteohub,
2010-07-25,18:54:00,78.6,57.9,29.94,WSW,248,0.0,2.0,49,0.00,,,0.00,meteohub,
2010-07-25,18:59:00,78.4,57.7,29.94,SW,225,0.0,2.0,49,0.00,,,0.00,meteohub,
2010-07-25,19:04:00,78.1,57.9,29.94,West,270,0.0,3.0,50,0.00,,,0.00,meteohub,
2010-07-25,19:15:00,77.4,57.7,29.94,WNW,292,0.0,3.0,51,0.00,,,0.00,meteohub,
2010-07-25,19:20:00,77.0,58.1,29.94,NE,45,1.0,3.0,52,0.00,,,0.00,meteohub,
2010-07-25,19:25:00,76.6,58.8,29.94,NNW,338,0.0,2.0,54,0.00,,,0.00,meteohub,
2010-07-25,19:36:00,75.9,58.6,29.94,West,270,0.0,2.0,55,0.00,,,0.00,meteohub,
2010-07-25,19:41:00,75.6,58.3,29.94,West,270,2.0,2.0,55,0.00,,,0.00,meteohub,
2010-07-25,19:51:00,75.2,58.5,29.94,NNW,338,1.0,3.0,56,0.00,,,0.00,meteohub,
2010-07-25,20:02:00,74.5,58.3,29.94,West,270,0.0,3.0,57,0.00,,,0.00,meteohub,
2010-07-25,20:12:00,73.8,58.5,29.94,WSW,248,0.0,3.0,59,0.00,,,0.00,meteohub,
2010-07-25,20:17:00,73.4,58.6,29.94,West,270,1.0,2.0,60,0.00,,,0.00,meteohub,
2010-07-25,20:22:00,72.9,58.6,29.94,West,270,0.0,2.0,61,0.00,,,0.00,meteohub,
2010-07-25,20:32:00,71.8,58.5,29.94,West,270,0.0,1.0,63,0.00,,,0.00,meteohub,
2010-07-25,20:42:00,71.1,58.6,29.94,West,270,0.0,0.0,65,0.00,,,0.00,meteohub,
2010-07-25,20:52:00,70.5,59.0,29.94,West,270,0.0,0.0,67,0.00,,,0.00,meteohub,
2010-07-25,20:57:00,70.5,59.5,29.94,West,270,0.0,3.0,68,0.00,,,0.00,meteohub,
2010-07-25,21:02:00,70.3,59.4,29.94,West,270,0.0,3.0,68,0.00,,,0.00,meteohub,
2010-07-25,21:07:00,70.2,59.5,29.94,SW,225,0.0,3.0,69,0.00,,,0.00,meteohub,
2010-07-25,21:12:00,70.0,59.4,29.94,WSW,248,0.0,2.0,69,0.00,,,0.00,meteohub,
2010-07-25,21:17:00,70.0,59.4,29.94,WNW,292,3.0,3.0,69,0.00,,,0.00,meteohub,
2010-07-25,21:22:00,70.0,59.7,29.94,West,270,0.0,3.0,70,0.00,,,0.00,meteohub,
2010-07-25,21:27:00,70.0,60.1,29.94,West,270,0.0,3.0,71,0.00,,,0.00,meteohub,
2010-07-25,21:32:00,69.6,59.7,29.94,WSW,248,0.0,3.0,71,0.00,,,0.00,meteohub,
2010-07-25,21:37:00,69.6,59.7,29.94,SSW,202,0.0,2.0,71,0.00,,,0.00,meteohub,
2010-07-25,21:47:00,69.4,60.1,29.94,NNW,338,0.0,2.0,72,0.00,,,0.00,meteohub,
2010-07-25,21:52:00,69.6,60.6,29.94,West,270,0.0,2.0,73,0.00,,,0.00,meteohub,
2010-07-25,22:12:00,68.9,60.6,29.97,WNW,292,0.0,1.0,75,0.00,,,0.00,meteohub,
2010-07-25,22:22:00,68.5,60.3,29.97,NNE,22,0.0,0.0,75,0.00,,,0.00,meteohub,
2010-07-25,22:27:00,68.2,60.3,29.97,NNE,22,0.0,0.0,76,0.00,,,0.00,meteohub,
2010-07-25,22:37:00,67.6,60.3,29.97,NNE,22,0.0,0.0,77,0.00,,,0.00,meteohub,
2010-07-25,22:52:00,67.1,60.4,29.97,WNW,292,0.0,0.0,79,0.00,,,0.00,meteohub,
2010-07-25,22:59:00,66.9,60.6,29.97,WNW,292,0.0,0.0,80,0.00,,,0.00,meteohub,
2010-07-25,23:07:00,66.9,61.0,29.97,WSW,248,0.0,0.0,81,0.00,,,0.00,meteohub,
2010-07-25,23:12:00,66.9,61.0,29.97,WSW,248,0.0,0.0,81,0.00,,,0.00,meteohub,
2010-07-25,23:17:00,66.9,61.0,29.94,WNW,292,0.0,0.0,81,0.00,,,0.00,meteohub,
2010-07-25,23:27:00,66.9,61.2,29.94,WNW,292,0.0,1.0,82,0.00,,,0.00,meteohub,
2010-07-25,23:32:00,66.9,61.2,29.94,North,0,0.0,1.0,82,0.00,,,0.00,meteohub,
2010-07-25,23:37:00,67.1,61.3,29.94,North,0,2.0,2.0,82,0.00,,,0.00,meteohub,
2010-07-25,23:42:00,67.3,61.9,29.94,NNE,22,0.0,3.0,83,0.00,,,0.00,meteohub,
2010-07-25,23:47:00,67.1,61.7,29.97,North,0,0.0,3.0,83,0.00,,,0.00,meteohub,
2010-07-25,23:52:00,67.1,61.3,29.97,NW,315,0.0,3.0,82,0.00,,,0.00,meteohub,
2010-07-25,23:57:00,67.1,61.3,29.97,WNW,292,0.0,2.0,82,0.00,,,0.00,meteohub,